Dim1,Dim2,Dim3,Dim4,Dim5,classe
"0.166102472173781,1.24782874826766,0.889008538518017,1.02375018708212,-1.22946212804289,""2"""
"-0.475340775222525,0.646634392029002,0.354207430564676,-0.276173090022011,0.689879422648527,""1"""
"-0.463860008717918,0.566892037384385,0.216994831756006,-0.145291112582438,0.454251208169209,""1"""
"0.0762680140660228,0.135146525582996,-0.489603709845362,-0.242776006958045,-0.569291232082213,""1"""
"-0.3886337435343,-0.0519099052938633,-0.0662057028870108,0.033373944280912,0.616206746328649,""1"""
"-0.335638794399858,-0.12979770677326,-0.314002374166414,0.182152916703671,0.0279091117286881,""1"""
"-0.496985618037748,-0.125468057899758,-0.0176151010876839,0.272143469072295,0.400158134279543,""1"""
"0.00653488713380542,0.0224143209634748,-0.358124993702266,-0.130637868914659,-0.236037473269289,""1"""
"-0.451924252037194,0.0632304483813793,-0.464941286342486,0.0856250719788039,-0.22202508131125,""1"""
"-0.0914613690634014,-0.106961775624867,-0.010173851649114,-0.0863199977066486,-0.308153848880391,""1"""
"-0.432883862554834,0.364260536990651,-0.041008870881986,0.0560640351213868,0.106194798149678,""1"""
"-0.0078300712292257,0.0847619528140534,0.032665441023802,-0.208531604582365,0.522488466866181,""1"""
"1.05403600440837,-0.791699165728926,-0.063224692355429,-0.389161248131795,-0.024787733627359,""3"""
"-0.087727224097296,-0.190553340237847,0.308907991757743,0.137979330843852,0.309878230687284,""1"""
"-0.509515379810775,-0.0629482566732275,-0.378685039715045,0.286539442017648,0.106898981863139,""1"""
"0.0385759128304045,0.703098430558274,0.572296130147278,0.30490449039699,-0.0791747433850862,""2"""
"-0.416267185701252,0.593831327579801,0.184186693731223,-0.128638464509939,0.364604403345669,""1"""
"0.0742415827766138,1.31357120168626,1.20649509353219,1.93448186405689,-0.871619720292308,""2"""
"0.279289142908313,0.307796637619344,-0.384818026999314,-0.486959401537729,-0.160436244710959,""3"""
"-0.0338877353497241,0.010285908836046,-0.468417789988604,0.391848005245562,-0.579658400300426,""1"""
"-0.242499263747139,0.0105201092418644,-0.438679035196846,0.0670757508883309,-0.221891669382369,""1"""
"0.653963877537094,-0.643990618592855,-0.218140384671392,0.964200713030554,-0.0668097444061227,""3"""
"-0.420120371729083,-0.0565386425581771,-0.203787868737876,0.0251146229742326,-0.432265432317894,""1"""
"-0.392230581172476,0.584551604930009,-0.105364226112335,-0.45280341102549,-0.135663719830781,""1"""
"-0.392230581172476,0.584551604930005,-0.105364226112325,-0.452803411025487,-0.135663719830782,""1"""
"0.639430939797633,-0.0633214406565786,-0.475865298103202,-0.114467427794618,0.195048582291016,""3"""
"-0.325382559766211,0.0820403211383427,0.00522666420563479,-0.233539564539334,0.384842940768022,""1"""
"0.21683551472568,0.0693105910095078,-0.153253928625825,-0.239635771775373,0.168319901318828,""3"""
"0.296772289749664,-0.0483922717822871,-0.201288531668165,-0.307405959051838,-0.622958213295107,""3"""
"0.883712823783141,-0.137136794488156,-0.275085660118888,-0.40784294928488,0.223333555087082,""3"""
"-0.675190835169527,-0.0405010141366314,0.48017235600929,-0.0162501757116725,0.0643041627114328,""1"""
"0.247421107697766,0.00991194806965933,-0.315054829757546,-0.136028846015354,-0.163234276569096,""3"""
"-0.610895946847943,-0.656792644895548,0.61266794937474,-0.286096037976082,-0.408025876748506,""1"""
"-0.363203536853248,-0.181602078399505,-0.362681888137134,0.292132659265187,-0.126581759342368,""1"""
"1.28537738728387,0.0183078021397156,-0.293161842243199,-0.228220027652868,-0.140841260922048,""3"""
"-0.101971794721437,-0.0917939832798149,-0.00712608230668601,0.358379820155601,0.572810498643148,""1"""
"0.072778021963064,-0.271435503998136,-0.284287846915689,0.310029311152042,0.0807332758593153,""1"""
"0.865864988810157,0.0836272095390038,-0.126449473617339,0.283134823969052,0.854519827644505,""3"""
"0.169290306503031,-0.102444101507023,-0.355953954204316,-0.0119323957641009,-0.294468969002901,""3"""
"0.199133669047761,-0.176714308954248,-0.4446530638668,0.392082514430168,0.27498080031183,""3"""
"-0.262234911829345,-0.000134654080282749,-0.290216233063426,0.119236291193555,-0.0151686785054724,""1"""
"0.669032839824836,0.0965357823102296,-0.392314908321529,-0.269270512975278,-0.0690201831046106,""3"""
"-0.154210255584234,-0.18503307115952,-0.274619926095531,0.211045895740154,-0.0691142814806527,""1"""
"-0.327645046443018,-0.269155000062913,0.212590086917056,-0.288684787001405,0.245622911971425,""1"""
"-0.519082870010658,0.962670902199425,0.773914497083729,0.654005384612435,-0.292625870446019,""2"""
"-0.47525250438778,0.0884167264000413,-0.00948033465142475,0.252434316904243,-0.147179768578027,""1"""
"0.440036145809502,-0.0616526965009869,-0.505698409286658,0.0531235503868141,0.334797156035733,""3"""
"-0.248716291793201,0.0972643257078611,-0.0104047229209001,-0.203140627481665,0.449685270165981,""1"""
"-0.731481999356383,0.104481751968252,-0.0647974248150044,0.15050238929317,0.383256140275823,""1"""
"-0.295200781188125,-0.290254006638806,0.049502121016592,-0.00772676066069347,-0.18751326924521,""1"""
"-0.333179799284973,0.141336367239574,-0.2059510867074,0.208558240594827,-0.0159292877058167,""1"""
"-0.315610713836597,-0.154662788204104,-0.395490026161885,0.308785307337688,-0.216228564165898,""1"""
"0.175672090237476,-0.503319266831871,0.141532145753607,-0.358217630523912,0.109866545932348,""3"""
"-0.278155776237079,0.135255116354339,-0.387499802728941,-0.155478934684581,0.344831355229725,""1"""
"0.763375583885293,-0.292608642135694,-0.321479628530897,-0.0850502762742585,0.0250023065432674,""3"""
"-0.237076258144429,0.229112934210445,-0.579219806295155,-0.169454581473203,-0.398919608656078,""1"""
"0.286268516438038,-0.60854895671602,-0.455837704178918,1.02008637954374,0.509989693439747,""3"""
"-0.258942840158832,0.0167247099860936,-0.424846923116883,-0.0460365050146939,-0.396940914854249,""1"""
"-0.322232128371396,0.0511298575295861,-0.541643073638433,0.141439531127169,-0.224486416552758,""1"""
"-0.424581546055499,1.00147551127823,0.61398179555485,0.441067935778546,-0.558017742301541,""2"""
"1.31545957710468,0.865239741247612,0.420015473907824,0.0594162688618716,-0.401640067890671,""2"""
"-0.72216499602143,-0.0725967927881758,0.216907812379621,-0.397452316763433,0.0602704642408863,""1"""
"-0.338629958650548,0.11270371998266,-0.198735120887905,-0.290022110393896,0.0242618047067753,""1"""
"0.0431122299677559,0.00192801434614736,-0.410231129427268,0.142868275997842,0.346784674740917,""1"""
"0.443472332253653,-0.169391361966645,-0.48041638769852,-0.127025530824481,-0.096699381881921,""3"""
"1.14566508475781,0.077271241729989,-0.206540110831565,0.12510195948464,-0.0346667254351379,""3"""
"-0.0915704805416685,-0.482572758090093,0.393290774135872,-0.174736478725326,-0.385860809272309,""1"""
"-0.731481999356383,0.104481751968252,-0.0647974248150044,0.15050238929317,0.383256140275823,""1"""
"-0.648101841442913,0.0852773886765889,-0.287241752394566,0.16065693892382,0.138422642821123,""1"""
"-0.391003527577938,-0.166405803465529,-0.314760401425261,0.190087997677934,-0.100861952055348,""1"""
"0.671884654050398,-0.388883185721241,-0.177955282264911,0.596325708283314,0.0116383900586113,""3"""
"-0.674091863094904,-0.0129881602529233,-0.0364787363075736,0.174803004001076,0.292077660892135,""1"""
"-0.439036453615813,0.17031837655212,-0.0612552763895602,-0.211866358070713,0.353625894828542,""1"""
"-0.439036453615813,0.17031837655212,-0.0612552763895602,-0.211866358070713,0.353625894828542,""1"""
"0.393039503982789,-0.38959193607079,-0.0166023158934751,0.413189257571261,0.339938474280585,""3"""
"-0.475252504387778,0.088416726400041,-0.00948033465142448,0.252434316904243,-0.147179768578026,""1"""
"0.510021893856446,0.126015970232193,-0.464344792253325,-0.459181190718668,0.165523659969044,""3"""
"-0.00718187172746828,-0.783909712463276,0.39948961095735,0.109437536588652,-0.221042277288709,""1"""
"1.52408374293794,-0.00966474143529887,0.00959044863985296,-0.356905226440042,0.0298808407730914,""3"""
"-0.203286894957618,-0.195454516992116,-0.584207585268755,0.811733689631328,0.379609190570188,""1"""
"-0.173783821492667,0.180964837133073,-0.324365861234411,-0.366876078567574,-0.327320122946758,""1"""
"-0.713909334001446,0.130806293086938,-0.167148782565474,0.0079874021285517,0.552859059437806,""1"""
"0.318399242305236,-0.0871369053480101,-0.421460105079432,0.126224963525061,-0.0554904325862555,""3"""
"0.177182097446547,-0.183550246097306,0.031272933749624,-0.245773458400869,-0.659003545673118,""3"""
"-0.101520969748303,-0.0717001155046399,0.208849554916399,-0.550181918248032,-0.0343486464902442,""1"""
"0.401093506448488,-0.721520657181853,-0.082198241674053,0.457643252835287,-0.209721188198155,""3"""
"-0.231211237873956,-0.109507561603305,-0.433162874380098,0.567739456288771,0.440188159577675,""1"""
"0.0614679132908334,0.108301764035247,-0.29556725554744,-0.201110392323493,-0.0499323435524099,""1"""
"0.43774126952038,-0.0631421027745992,-0.264204276288887,-0.127303115426306,-0.067174901231658,""3"""
"-0.759046741809765,0.0526773803420112,-0.113476938785723,0.260482131854684,0.228765269204767,""1"""
"-0.474225256031996,0.0184279385765585,-0.222559086845943,0.0562704136098421,0.0594327726866836,""1"""
"1.18341325044749,0.393682868643802,0.0236547645094326,-0.182352857770361,0.996937530951004,""3"""
"0.222063100645313,-0.356476937969366,-0.243256946836978,0.28485317263734,-0.0863568391599007,""3"""
"-0.757548839820274,0.238846228349379,0.152323578954334,-0.171038984215784,0.632583063992241,""1"""
"-0.636980675401224,0.143286361047059,-0.224730126343884,-0.0624350595407186,0.117864268420301,""1"""
"0.295741352806833,-0.112494456177804,-0.00556328614581247,-0.166868378355071,0.218892167226954,""3"""
"-0.690118919122225,-0.196145549322716,0.569895231738991,-0.0713957066933091,-0.590011545421092,""1"""
"-0.333412399804353,-0.040227098410911,-0.401016648052701,-0.0108263723609243,-0.429786015229723,""1"""
"-0.464161895639787,-0.223385433796397,0.240027541016152,-0.314392800679024,0.0913065444553265,""1"""
"-0.278047666626278,-0.00361900171864452,-0.400258620793853,-0.0187614533351835,-0.301014951445686,""1"""
"-0.537439722727117,0.0229986987155796,-0.227640328826379,0.0425452086750966,0.167477950870615,""1"""
"-0.48069393083217,-0.248855888462237,0.596157482884621,-0.0899450277837722,-0.589878133492216,""1"""
"-0.185746212451386,0.0328648558781428,-0.212297060925986,0.0675320845816486,0.0425891645633401,""1"""
"0.213298625368106,-0.0568443306250117,-0.321106552313563,-0.00879988242258938,0.0350711475400328,""3"""
"-0.305402093996945,0.20199064202863,0.15924717581341,-0.351263197989094,0.693140940018697,""1"""
"-0.028238657077101,-0.163835446130808,-0.56219599989614,0.379273078291377,0.248244128643589,""1"""
"-0.200526320964649,0.443784632742061,0.510436974868045,0.286983856515142,-0.657517271116708,""2"""
"0.148120006267479,0.439572210030788,-0.586668793757529,-0.3131637238506,-0.154034462198416,""1"""
"-0.422420911015188,0.831914189710247,0.255440770600895,0.568098648838917,-0.373533551934401,""2"""
"1.29826517931548,0.184425119430602,-0.160183558144094,-0.224719536911206,-0.236283419427309,""3"""
"0.0222659735692996,0.161642241947271,0.110406146678952,0.216482962060584,-0.176192670918154,""1"""
"0.532241177433578,0.943020091958177,0.742095646856437,-0.284426023759548,0.74310957172055,""2"""
"0.0315645163244799,-0.394941248884689,0.00817433561392954,0.0233776192364521,-0.0684890320677817,""1"""
"-0.4694540633599,-0.594184055673423,0.540071697129153,-0.305086625659787,-0.165978368407959,""1"""
"-0.161781362763716,-0.226255078391527,0.105767426440192,0.153458871398961,0.0509649974995229,""1"""
"0.238138443107221,0.189156281354382,-0.450451686991028,-0.162987314643336,0.0994830799244822,""3"""
"0.225025321210899,-0.454103961521336,0.6672570174395,-0.464974924563823,0.203440622451238,""3"""
"-0.541161837533773,0.0314277011239932,-0.0139468713463447,0.159228119882218,0.479315515613262,""1"""
"0.0251851989464206,-0.298374794193538,-0.251479708890935,0.293376663079544,0.170380080682846,""1"""
"-0.183586054281899,-0.730752663253087,0.738460267959747,-0.405899371039012,-0.157342218411134,""1"""
"0.46447873160927,-0.0193700829464771,-0.126451552294398,-0.0629104076479121,0.0752363848824966,""3"""
"-0.242499263747139,0.0105201092418649,-0.438679035196846,0.0670757508883313,-0.22189166938237,""1"""
"-0.591133775142005,0.620762922967332,0.227951192534343,0.478886784604194,-0.496412500304835,""1"""
"-0.149113792764947,-0.0986394057000405,0.241657692941154,-0.56683456632053,0.0552981583332866,""1"""
"0.0165363403299426,0.107910786288813,-0.273515307765751,-0.358150347978527,-0.23126074760932,""1"""
"1.20075005295134,-0.237341607424707,0.571108908440704,-0.312802165872616,-0.205352840768327,""3"""
"0.851865631629447,0.321332404535796,-0.200537979081354,-0.349067007009022,0.195437959417794,""3"""
"-0.264390021392083,-0.247024092132852,-0.123140972136444,0.330617758473913,-0.185029043514389,""1"""
"0.29393976955172,-0.0476383229715084,-0.0732621148226278,-0.464173108618807,0.100126349248515,""3"""
"-0.0686226783362224,-0.0563293408581655,-0.373996369648223,-0.0373107744256466,-0.30088153951681,""1"""
"-0.524718261122081,0.0252231003797645,-0.0277789834263083,0.272340375785243,0.65436476108514,""1"""
"-0.363203536853244,-0.181602078399503,-0.362681888137131,0.292132659265189,-0.126581759342367,""1"""
"-0.472921756382408,-0.156095617359173,0.00103371816278153,0.339296200655367,0.263305849218545,""1"""
"-0.172860567396851,0.135756043997494,-0.381265210906855,-0.212968636254052,-0.475531835432783,""1"""
"0.869377758490243,1.03801024126163,0.554909477742731,0.162796663442469,0.443963601622547,""2"""
"-0.234048314776033,0.0776402697933922,0.26932043936506,0.0147307582561552,-0.549633355373385,""1"""
"0.827149646207011,-0.303502130815396,-0.252946338128981,-0.326289133922682,-0.159090493322477,""3"""
"-0.580689511214369,-0.001696405057826,0.320239654480408,-0.229187624545562,-0.201087709144089,""1"""
"-0.343217615748362,0.0584597166290547,0.149527978607979,0.0097968213522233,0.715077142021503,""1"""
"0.00653488713380336,0.0224143209634761,-0.358124993702259,-0.130637868914662,-0.236037473269284,""1"""
"0.934261010581705,0.0194762419340745,-0.099311653655131,-0.0870164140703791,0.0223958728871744,""3"""
"-0.331736849243718,-0.0212826380155278,0.012315379799285,0.140678798791755,0.479448927542138,""1"""
"0.188707118639437,-0.0750363144962103,-0.344758317783475,0.0704105043766866,-0.0530290973447442,""3"""
"0.231157993306695,-0.204907365536398,0.283133880573473,0.36889027260689,0.267736666482545,""3"""
"0.591599269691496,0.0921252229574821,-0.119892574700026,0.0288752759311772,0.0313242563591158,""3"""
"-0.103483179230668,0.266929216055682,-0.154071948061843,-0.119647287577754,0.0759956362503995,""1"""
"-0.622537195039132,-0.216857497507822,-0.0731487723643013,-0.105289424826703,-0.346143635319884,""1"""
"0.589880593647114,0.181848728610121,-0.175666431010572,-0.0851279045432224,0.0549741494048957,""3"""
"-0.153101107226245,0.00318677382303972,-0.125724069680495,-0.204294529107598,-0.517002099552585,""1"""
"-0.578528876174058,-0.17125772662581,-0.0383013704735461,-0.102156911485191,-0.0166035187769497,""1"""
"0.621269202987942,0.290507933867031,0.0829536841003845,-0.425978788402746,0.00703314620303643,""3"""
"0.196846536959704,-0.752482926468598,0.564672448779457,-0.23159070769041,-0.471494132212912,""3"""
"0.244140759811909,0.206960762592511,0.0655842550822331,-0.267480039675051,-0.32238336687545,""3"""
"-0.421851785902421,0.258552550455763,0.41725569970628,-0.298125220429935,0.144734175500071,""1"""
"0.583876969597872,-0.0814472943706277,-0.354738175664808,0.0416235996250931,0.105413008998709,""3"""
"-0.34752195001423,0.594096172331399,0.115405471780288,-0.383162521181157,0.29758720100178,""1"""
"0.0871076720007783,-0.24681479043284,-0.29334947304679,0.268192361074034,-0.0536451507133026,""1"""
"0.37047549499387,-0.222991909186523,0.107151235719091,-0.267817083574059,-0.4965535441494,""3"""
"-0.0663931353015146,0.019498317970306,-0.322952848995318,-0.240235524442754,-0.514522682464412,""1"""
"0.0835459754829923,0.162257863495028,-0.295127809369663,-0.259154799765241,-0.079467680774693,""1"""
"-0.23114829028215,-0.257529773937422,-0.15061739653244,0.541516081076394,0.345991735785961,""1"""
"0.807075569182945,-0.250915618147248,-0.213855193293355,-0.115024833680479,-0.0262421903410295,""3"""
"0.0821455051052467,-0.162507140756328,-0.213861455707986,0.117347781666397,-0.0477469550231932,""1"""
"-0.636980675401224,0.143286361047059,-0.224730126343884,-0.0624350595407186,0.117864268420301,""1"""
"-0.548858942877612,0.0271249842837397,0.164544888326864,-0.557010975819114,-0.0408946289330291,""1"""
"0.618512805467969,-0.0960278412806174,0.0467797511313318,0.180549127506054,0.0913879089325834,""3"""
"-0.228406018993531,0.249643202722708,0.12698595974087,-0.146318057812044,0.504502178117614,""1"""
"-0.0984170023979919,-0.321761872518733,0.702601560176019,0.232571184111729,0.0875709704482252,""1"""
"-0.512317507896281,0.589915832802463,-0.00494836442798889,-0.155719080434073,0.351271168205417,""1"""
"-0.159080107508622,0.286188117792012,-0.475357424118498,-0.0544042285778785,-0.606013291846577,""1"""
"0.153950764089366,0.269382712765124,-0.115371494096926,-0.315084212524068,-0.307810835490424,""1"""
"-0.0049458793708417,0.102156675608059,-0.220912394893565,-0.261519846354193,-0.000409258789919776,""1"""
"0.574782659138399,-0.211257403276997,-0.158803903264999,-0.451780134261522,0.00373452445670038,""3"""
"-0.234039347761203,0.0419807691633679,-0.365411218903098,-0.0156289399936718,0.0285251650972479,""1"""
"0.649665425692417,-0.465956801079892,-0.0504894781140243,0.343842770513645,0.126912134159783,""3"""
"-0.345396492194183,-0.148251379076134,0.636435538325374,-0.208798081308252,0.0454245954307649,""1"""
"-0.347119560904508,-0.0500553521286794,-0.176789775357719,0.0512709392641438,0.263537326208054,""1"""
"0.3895155819084,0.221273148473081,0.0948316794406423,-0.225994478744066,0.55069119831665,""3"""
"0.199084591991121,0.0251879289476884,-0.256230919580695,-0.324836888342722,-0.353619240879448,""3"""
"0.556289995333651,0.333559144058285,-0.31967699469925,-0.0364668139736624,-0.380881889154521,""3"""
"-0.202890101156252,0.0751246601029971,-0.384387244847889,-0.112088547824199,-0.236170885198161,""1"""
"-0.606951141641823,0.203917744941556,-0.22160809240285,-0.163315147970572,-0.121496681814321,""1"""
"-0.27581812359157,0.0722086571098269,-0.349215100140948,-0.221686203352291,-0.514656094393289,""1"""
"0.581404956563805,-0.126477849797812,-0.465867135118985,0.0338549607621773,0.33725272738742,""3"""
"0.694657161481141,-0.490707753793632,-0.0713605965743028,-0.291055318065271,-0.172233091771166,""3"""
"-0.376578244664415,0.187392301048921,0.220149955420999,0.329224405549642,0.487842647913475,""1"""
"0.614086886027086,0.782912466473871,0.677432523859203,0.0434501919915162,0.144285888425942,""2"""
"-0.211299258202023,-0.499331012308026,0.225286645302668,0.395090745327958,-0.452173697166934,""1"""
"0.474260128969009,0.301216265369368,-0.246370925545795,-0.605621344305485,0.00893475551100034,""3"""
"-0.537378176372967,-0.0526173703608431,0.0273322895181705,-0.426128998379583,-0.276522843412394,""1"""
"0.163505932571196,-0.0861043723024312,0.0595958471079385,0.273778456255633,0.733713940228112,""3"""
"-0.100345775379677,-0.276352680791571,0.00219350967855225,0.202542459940985,0.274421416303544,""1"""
"-0.107540686663406,-0.11288498782854,-0.250528714447842,0.0737911014991299,-0.0105493738181587,""1"""
"0.450583631144893,0.176670452575308,-0.698290167376549,-0.21519512086692,0.0480095745846249,""3"""
"-0.0459252875753557,0.447353667097345,0.260752576393299,-0.326754547115907,0.559789147689537,""1"""
"0.84000899291362,0.796564201364897,0.26298991567258,-0.178386382228918,-0.552113995369731,""2"""
"-0.453129188378788,-0.197051516835996,0.64483699685534,-0.199924770345286,-0.43538726242116,""1"""
"-0.546121588339398,-0.376909712377166,0.0598103764993696,0.0531310219698104,0.0802078459692777,""1"""
"0.417264771300462,0.23835900044327,-0.60882623232065,-0.503957075107542,-0.244754850426294,""3"""
"-0.580689511214369,-0.001696405057826,0.320239654480408,-0.229187624545562,-0.201087709144089,""1"""
"-0.558912255299666,0.487933362067012,0.0826753324654373,-0.219665527269658,0.228296940425365,""1"""
"1.17662027627355,1.39301983225471,1.36326261113103,0.565576868029206,0.080414539319593,""2"""
"-0.736248875920565,0.149795738751653,-0.134397766459337,-0.000623975573379089,0.309208527902528,""1"""
"0.503984404349641,-0.356991927736212,-0.190367129502318,0.313364064640397,0.249595847896942,""3"""
"0.28895526979054,-0.0421816726733397,-0.25370111217322,0.418496001812129,0.288077517254256,""3"""
"0.657460143487632,-0.0658758213417694,-0.0863571890688042,-0.194571984641401,-0.0996794486605048,""3"""
"0.333877047811589,0.0397775488840236,0.0162006671022182,0.148118428950816,-0.0418878526918786,""3"""
"1.07205590917328,0.0826145466597716,-0.287552492217192,-0.332808793113689,-0.0591535865511794,""3"""
"-0.294293932651005,0.441392489834373,0.033132499491655,-0.370989059095118,0.248231563080286,""1"""
"0.572696698164914,-0.172804250311125,-0.214111750079076,-0.110642303863,-0.0998865896782561,""3"""
"-0.36912802899258,-0.165816684137952,-0.555818833008086,0.264896862631868,-0.489500690007293,""1"""
"-0.327655133974105,-0.167462967438994,-0.401102302540125,0.377969863488703,-0.0474584772790507,""1"""
"-0.23137809770545,0.0685290816123347,-0.376167409146164,-0.156016247576207,-0.242450043783192,""1"""
"0.476419661896259,-0.408796299362454,-0.239046643473037,0.423343807201911,0.0951049768258856,""3"""
"-0.250482924172896,0.0481853699075966,-0.351579106823134,-0.128741195896697,-0.14652408037463,""1"""
"-0.161442997489797,0.700335200923865,0.00199107853753609,-0.0146423101645615,-0.563360672767783,""1"""
"-0.690118919122225,-0.196145549322716,0.569895231738991,-0.0713957066933091,-0.590011545421092,""1"""
"0.0353745864269187,0.745012337286073,-0.43169728770666,-0.650472918880774,-0.0266659174487455,""1"""
"-0.680775547521689,0.249642134297296,0.290575168168644,0.229509520082785,0.304226635306546,""1"""
"-0.0566794665080544,-0.441019566832186,0.0468553823383663,0.341188838370283,-0.0640528845231008,""1"""
"0.187603825486476,0.104930283592271,-0.119018320772001,-0.455718865782253,-0.117991026400084,""3"""
"-0.0394535993634292,-0.270820458097309,-0.295152807363696,0.0768617932030721,0.0915115187199369,""1"""
"1.05168013106466,-0.116849111643345,-0.322631781817287,0.280005617717076,0.480713815334369,""3"""
"-0.186644849962004,0.234383746165771,-0.524036938089217,0.0555755139836351,-0.760504162917633,""1"""
"-0.394689576287368,0.313417530917176,-0.213415513571347,-0.479208734916642,-0.0918253203962705,""1"""
"-0.541161837533773,0.0314277011239932,-0.0139468713463447,0.159228119882218,0.479315515613262,""1"""
"-0.184248756358466,-0.210004954423992,0.356989698231593,0.342285682419834,-0.407911851716663,""1"""
"-0.11617324718253,-0.223670259424256,0.0366433209950344,-0.195281765827363,-0.112436997034732,""1"""
"-0.590867165693086,0.335464471212379,-0.035715979623437,-0.404176867971617,0.268622403736099,""1"""
"1.14868621402438,0.0228389692458637,-0.238476011116392,-0.206406568544505,-0.483824632674935,""3"""
"-0.514081698670997,-0.43255632099073,0.27603687233366,-0.0487515189469165,-0.484517225188392,""1"""
"-0.435673899090589,-0.216789855305734,0.231807705314427,-0.270465100927016,0.0975857030403579,""1"""
"0.0450243368791407,0.114506364779476,-0.281735143467476,-0.314222648226518,-0.224981589024288,""1"""
"0.0676870947037447,0.0257542876206342,-0.151187407889601,0.0521152768326972,0.372262693035151,""1"""
"-0.289404080939279,0.00537267247110135,-0.366169246161946,-0.00769385901941263,-0.100245898686789,""1"""
"0.509950200730363,0.0438192225993151,-0.0572490755597345,-0.161897331856883,-0.656314219140165,""3"""
"-0.353974550575375,0.100224737335583,0.169625902429434,0.0726040813165806,0.0237395284322557,""1"""
"0.226253761101056,0.0196806023963059,-0.180277906482176,-0.197906738129756,-0.268542020698131,""3"""
"-0.394329975824412,0.175666203902124,-0.413139738430723,-0.125234759012572,-0.306895160474813,""1"""
"-0.18644652474456,0.0689200593587685,-0.398219356927852,0.00102370807882649,-0.061121639726283,""1"""
"-0.620238738914953,0.577777155883649,0.228030073989121,-0.0499481928069119,0.064590924090533,""1"""
"0.585203173505828,-0.00806467451460872,-0.104775153657694,-0.185920029303949,-0.489949774793827,""3"""
"-0.65290416966342,-0.348453157966909,0.412407081424438,-0.133261930128585,-0.098508844079377,""1"""
"-0.503984214499342,0.84225569067524,0.330637685572061,-0.252998593583326,-0.0470825662427542,""1"""
"-0.20670806897773,-0.211075161220779,0.189856145029401,-0.355974735329164,0.140168237496853,""1"""
"1.03910837148595,0.144042173304611,-0.0841662668592096,0.0486115292478414,0.0519988045309169,""3"""
"-0.539304335081327,0.0798452221163091,0.052129421534336,0.0816809797158199,0.668063470322193,""1"""
"-0.267495957035794,-0.140843670715706,-0.277197609613874,0.387023818291235,0.636661810515195,""1"""
"0.643135785002344,0.502896158091383,-0.0714191990778874,-0.549396864861255,0.00505445240120676,""3"""
"0.466774788294474,-0.585070488628353,0.41116995734377,-0.135842737867009,-0.0841470037497855,""3"""
"-0.246203717390885,-0.429020711387095,0.0820984125542062,0.44563563370617,0.15053821240321,""1"""
"-0.769398419371165,0.164948876849509,-0.0647835856475356,-0.126027088652491,0.458947157374237,""1"""
"-0.478473360901556,0.225660901772387,0.199698667788336,0.0371608183027179,-0.153994525706244,""1"""
"-0.116015289408705,-0.0756939514550604,-0.158509193720328,0.00595041519646411,0.522825760317467,""1"""
"-0.0196872157919136,-0.16051117911732,-0.0869734131134424,-0.0428259293624294,-0.30407367917953,""1"""
"-0.0196872157919136,-0.16051117911732,-0.0869734131134424,-0.0428259293624294,-0.30407367917953,""1"""
"-0.0185120328911185,-0.669085716089353,0.485529612409106,-0.353912412476653,-0.203838787247232,""1"""
"-0.213405810082742,0.132669835190718,0.198777408293481,0.0586112614737483,0.0125356455183337,""1"""
"0.27209113642549,-0.269692294763453,0.250968724418018,-0.33598733376831,0.219384004710948,""3"""
"0.430862389772619,-0.306467487244753,0.0238157958335029,0.135312715642675,-0.167293764897731,""3"""
"0.793950720458939,-0.298274205016194,-0.289208469823071,0.273408516887911,-0.0992626107258544,""3"""
"0.393556807775262,-0.00839324352636859,-0.405588729133468,0.0328978690360458,0.00935363366126964,""3"""
"-0.127618875234711,0.326396084037717,-0.458549511319416,-0.0412458845881073,-0.533343507075267,""1"""
"-0.509420352565643,-0.0520687507311109,0.0998672160310472,-0.0331722053404428,-0.116435284856769,""1"""
"-0.242499263747139,0.0105201092418649,-0.438679035196846,0.0670757508883313,-0.22189166938237,""1"""
"0.2268532399202,1.12362458743345,0.842007717606286,0.566396088011732,-0.563141230129378,""2"""
"-0.367368033103784,-0.0660031495778833,0.314630304454402,-0.12459885908474,-0.282775383514958,""1"""
"0.342175018605721,0.780052446703301,0.115213708033123,-0.527144079016592,0.365131295225422,""3"""
"-0.246897227791342,0.0816567286621867,-0.427024501218711,0.396877191605029,-0.160604890862817,""1"""
"0.254449325169196,0.0617960256399549,-0.255472892321846,-0.332771969316981,-0.224848177095411,""3"""
"-0.520729152881356,0.695474017815828,0.56760797391016,0.502798568226631,-0.783015762612226,""2"""
"-0.303388662236082,0.282711347228166,-0.244285846622969,-0.0944007910312858,-0.319133543593173,""1"""
"0.0924830942119998,-0.096349450659517,-0.37040838172813,0.0894850055573784,0.532173380244637,""1"""
"-0.676837118040225,-0.30769789852023,0.273865832835719,-0.167456992097477,-0.426085729454775,""1"""
"0.304245735147566,-0.21210624904355,-0.305861427994507,0.00472841579920537,-0.327180657449499,""3"""
"1.04704072865332,0.282611673811202,-0.291346923977548,-0.132532367279633,0.228311524932698,""3"""
"-0.34870641388017,0.790377147570304,1.10647638897582,0.811386030602509,-1.31426533292356,""2"""
"-0.634521680286335,0.414420435059894,-0.116678838884871,-0.0360297356495666,0.0740258689857945,""1"""
"0.0827763267200049,-0.17219608913892,-0.337735955518375,0.092462293040685,-0.15854398249153,""1"""
"0.0384029223443448,0.320299010513165,-0.427888190944023,-0.481568424437036,-0.233239441411149,""1"""
"-0.569446431849073,-0.469164417682996,0.275278845074812,-0.0408164379726573,-0.613288288972429,""1"""
"-0.219130803377249,-0.287217646311923,0.0686934317609411,-0.203999332925602,-0.151561255995239,""1"""
"1.0546111090553,1.14619275798169,0.662215021065634,0.265307115918687,-0.496408581554622,""2"""
"0.286685699308837,-0.292551036316992,0.0615528473592201,-0.0953393140976003,0.0520646536324135,""3"""
"0.74661015715626,0.260505093214026,-0.268826441230591,-0.0277410833846151,-0.284822513817082,""3"""
"-0.483122675230108,0.29855368677914,-0.0804184247550226,0.093743331816765,0.216363426011074,""1"""
"-0.209511515691048,0.280917305836686,-0.530540292324436,-0.279434324034717,-0.244428737585022,""1"""
"-0.636980675401224,0.143286361047059,-0.224730126343884,-0.0624350595407186,0.117864268420301,""1"""
"-0.255808399039444,-0.018280084685627,0.337435448007682,0.02740835882518,0.198763280209814,""1"""
"0.234370706022682,-0.402263362619792,-0.211548871576892,0.771664407306668,0.553410783595634,""3"""
"0.038522579702165,-0.253165683021511,-0.598036770996487,0.960250154844158,0.304200674784351,""1"""
"-0.754710141814592,0.54926491301237,0.473294944960163,0.771802086989918,0.0894776651936173,""1"""
"-0.349299669849678,0.0330099545136813,-0.0577257143590944,-0.084392047513045,-0.955881741073165,""1"""
"0.806967108773757,0.498287756028044,0.0491516855325015,-0.284941459001549,0.0374147640516499,""3"""
"0.529602509585544,-0.23327525449013,-0.500263163609861,0.272045746180937,0.370636910207796,""3"""
"-0.335183660495202,0.0873739744932095,0.112820080930179,-0.081142564694731,0.0123612784887313,""1"""
"-0.216570031317099,0.067800310228177,-0.0302429525304695,0.200560098411117,0.329374097729521,""1"""
"1.03191245237563,-0.451454372144725,0.262952409863837,0.530050209766243,0.0595126201193865,""3"""
"1.4665043665655,-0.101614975621661,-0.255156014366191,-0.254621590379382,0.0402118201872326,""3"""
"0.381256823496755,-0.0722627065119982,-0.24286424366191,-0.123788515051374,-0.170610864954908,""3"""
"-0.546750406371426,0.187104311692623,0.0325261316429953,-0.0185386819534161,0.378782625597715,""1"""
"-0.451924252037195,0.0632304483813859,-0.464941286342476,0.0856250719787944,-0.222025081311247,""1"""
"0.475664488089856,-0.328356670525024,-0.0120489194858608,0.306279724072321,0.240761166014689,""3"""
"-0.259613807040916,0.0234508160997903,0.297149405229566,-0.321634330463752,-0.0324412257216906,""1"""
"0.0490154201364928,0.324673103793064,-0.0757387506288359,0.0562028670301184,0.238193244805431,""1"""
"0.990919744606145,1.56764663554382,1.06192232016743,0.710287174391682,0.125000954914787,""2"""
"-0.449824857385261,0.472115849409274,-0.157165774024087,-0.241943580034124,-0.0507936406672108,""1"""
"0.365210308443483,0.596785458531017,0.431328541747947,0.500360336649099,-0.406019343301343,""2"""
"-0.277974612975005,0.0637278380350045,-0.213258906898166,0.183191801150478,0.270660858315518,""1"""
"-0.230454843609634,0.023320288476756,-0.433066758818608,-0.00210880526268516,-0.390661756269217,""1"""
"-0.0170875335164697,-0.0478540482259066,-0.6326019466905,-0.426192279038654,0.662119988487272,""1"""
"0.982593027503305,-0.369700231576236,-0.346007882583077,-0.0849623890145313,0.0119159182357988,""3"""
"-0.264854316737328,-0.605225681639963,0.125906054287086,0.0753850507806525,-0.185984583682815,""1"""
"-0.0945042314229406,-0.127434339075268,-0.595955411555358,0.403963895110164,0.287434791014935,""1"""
"0.746462544110569,-0.727908871786759,0.597750510968295,-0.147857955236107,-0.109403299372158,""3"""
"-0.451924252037195,0.0632304483813859,-0.464941286342476,0.0856250719787944,-0.222025081311247,""1"""
"0.060046182316366,-0.317422168993382,0.522859941673448,-0.322426848102083,0.459350326843017,""1"""
"-0.347428365443681,0.489985733314829,0.544426948983637,-0.260985116479313,-0.243073526708204,""1"""
"-0.0236911053753316,-0.0559383631117317,-0.396048317429912,0.119729181229387,-0.1195531354599,""1"""
"-0.60588202121258,0.22978181915779,-0.0845457821042224,0.0454086522832398,0.180623970190333,""1"""
"0.879106590685906,-0.120291128335335,-0.326785202479792,-0.0374855957124607,-0.273695802829174,""3"""
"-0.694600253568048,-0.0207924211619347,0.26558732635034,-0.507432059324947,0.214761335311942,""1"""
"-0.258016437623818,-0.0422270326833646,-0.343688478250133,0.0979254763463204,-0.301098643329463,""1"""
"-0.717199057985001,0.267838472792007,0.279911488058987,0.136583932135825,0.373821195380561,""1"""
"-0.174314043625871,-0.135578428606926,0.267990901804042,-0.363252678287981,-0.470332169367571,""1"""
"-0.424592973253721,-0.18982548200276,0.0903260775900224,-0.254720723356697,-0.110382008911642,""1"""
"-0.208078471564282,-0.325152818551432,0.0105949682085184,0.211415770903951,-0.206390441548381,""1"""
"0.449388895856519,-0.320921100634821,-0.458412340331515,0.727334565878204,0.379835087649845,""3"""
"0.479367311705388,0.0166768512752977,-0.1630360182408,-0.242047084738362,-0.11062385915329,""3"""
"1.12446991435431,0.0990392586966783,-0.173760076660753,-0.205062703878221,0.520247570889214,""3"""
"-0.048973273671565,-0.680437753604345,0.544207289364043,-0.315569766481372,0.0928562289202276,""1"""
"-0.746068073315629,0.159103873704797,0.01511098014564,-0.0401570067762525,0.396954849512876,""1"""
"0.440240437402362,-0.413246461940371,-0.076751729259654,0.362392091604108,0.126778722230906,""3"""
"-0.656844947443571,0.263815700179715,0.666525490203527,-0.283356612854755,0.0378997881966822,""1"""
"0.916425281566185,-0.094502075353199,0.648860637673436,0.375828255913387,0.518850232922528,""3"""
"-0.01208459769811,-0.0732493712026737,0.0219209708698806,-0.0485742340294962,0.321917729442535,""1"""
"-0.244235977735588,0.108205041111154,-0.437780691461777,0.256489884022494,-0.431580099743258,""1"""
"0.801293419031646,0.591637323495969,0.340102346319459,-0.0101785601365531,0.229727963909127,""3"""
"-0.0964226690609159,-0.041133065924191,-0.326074882936353,-0.139355436012901,-0.275161732229791,""1"""
"-0.440803085995506,0.121239420751856,-0.402429660291794,-0.137466926485744,-0.242583455712069,""1"""
"0.475998386303393,0.239650862594589,0.0776603455096204,1.13081083736511,0.0854450983832247,""2"""
"0.212626061226629,-0.675945720224683,0.271191482475946,0.178374902802464,-0.0279707548724341,""3"""
"-0.0625052257277071,-0.332711169237018,0.278655466982499,-0.0542982399123358,0.108222088324226,""1"""
"-0.273841733817177,-0.296439484640656,0.290878094484811,-0.305667070089977,0.187365919792765,""1"""
"0.143160411003358,-0.188414840315937,-0.252889794777796,0.202140318264529,0.107124878942785,""3"""
"0.377923987309086,0.031876232748012,-0.068167767303341,-0.446993135193206,-0.0219316510626447,""3"""
"0.658104059244034,0.00630161742766464,-0.438653889530262,-0.2042799219087,0.156456684815292,""3"""
"-0.0896867092933437,0.120070980957495,-0.596279848879862,-0.278670540068233,-0.405820589521292,""1"""
"0.822958873265196,0.290328595985053,-0.128707337713931,-0.413143100771057,0.269256629725712,""3"""
"-0.0612205679997661,-0.324691025680088,0.0993464484569379,-0.267586681131978,0.00196744113227371,""1"""
"1.41500531582364,0.382261443143552,-0.101042040746171,-0.345704181367895,0.554164435921721,""3"""
"-0.672436522460969,0.392606423218048,0.363889174596281,-0.316882377328453,0.0132830701157489,""1"""
"0.549793969637474,-0.639860462464554,0.274231706528571,-0.343799768045561,-0.273858697676607,""3"""
"-0.107699242351268,0.24289554402911,-0.568830020357241,-0.122198985507139,0.131806218525484,""1"""
"-0.189665700480714,0.345586760731857,-0.313556522986774,-0.158011154337899,-0.274459113958651,""1"""
"-0.290618448429135,0.177276493389095,0.102781527938602,-0.121453231947619,-0.183357786589937,""1"""
"0.493630718019549,-0.0775544055070061,0.0901964999374255,-0.373827701220368,1.01764840951878,""3"""
"-0.383208809782723,0.233675176272594,-0.350628112380041,-0.348326757477111,-0.327453534875635,""1"""
"-0.130592110959424,0.292783696282675,-0.483577259820223,-0.0104765288258698,-0.599734133261546,""1"""
"1.24422668748278,-0.100332554125252,-0.358795502234916,0.0957520592415241,0.119078063713396,""3"""
"-0.713081621889911,0.201640815433575,0.460635734363648,-0.29746776817213,0.279227631888606,""1"""
"-0.112606997337528,0.340614900942281,-0.486067502257428,-0.0421720611047064,-0.670324996609321,""1"""
"-0.027864585993891,-0.606131649153243,0.200847819403434,-0.0531440128713242,-0.0313603006828827,""1"""
"-0.618944787718636,-0.257397400938122,-0.129029462456453,0.444331359869906,-0.282024854413874,""1"""
"0.358979646710883,-0.165809203968691,-0.181228900925269,0.0216788234506581,-0.0876125661971261,""3"""
"-0.524048013150905,0.885155312512883,0.852016256496091,0.556535355195874,-0.0761437569000094,""2"""
"-0.381031802879382,-0.30351216158698,-0.110987047012548,0.469709738531451,-0.275612283899966,""1"""
"-0.71503842294469,0.0982771512240236,-0.0786295368949679,0.263614645196196,0.558305385747701,""1"""
"-0.258939691719633,0.00298176045221383,-0.28678912857769,-0.0559819659672017,-0.152886930843439,""1"""
"0.317205147430004,1.07607678616684,0.454252234487165,0.230411391663452,-0.658782552373641,""2"""
"0.796504793981702,0.501475674879292,-0.0732303522828213,-0.271672624306576,0.612482492227276,""3"""
"1.00830522417643,1.34405367252597,1.77793340814335,2.87382652829915,-1.36794592984106,""2"""
"-0.606453219090395,-0.0853107712369985,0.112743340415111,-0.346151144827748,0.0439754502305369,""1"""
"-0.36462094296568,-0.343673096127876,0.237117338533657,-0.209412532463209,0.140920226905641,""1"""
"-0.155866129952227,0.00259574378260844,0.20912110185814,0.348505879600017,0.260743271980575,""1"""
"-0.331840843503684,0.00349735667237586,0.16849478232136,0.490750144399677,0.124624673791403,""1"""
"1.01911638573698,0.368558629200013,-0.140302213088891,-0.376526600622189,0.288890493940184,""3"""
"0.911697628431226,0.746815687559374,0.891214301288904,0.0796014587299495,0.499850526694924,""2"""
"0.794966497079617,0.337750063431124,-0.0969584958440108,-0.357086354960352,0.0900579434936493,""3"""
"-0.335171514511383,-0.343663738900239,0.378435828792967,0.0724378336445948,0.410911969387784,""1"""
"-0.379985862303323,0.418640811576116,-0.364407076455434,-0.166736884926947,-0.37051848929609,""1"""
"-0.55651486292654,0.133953399200678,-0.298265188327284,-0.18876809842143,-0.22628844170172,""1"""
"0.581693184870799,-0.212437833161001,-0.119754321016781,0.136371291169704,-0.531073814036308,""3"""
"-0.168293424049985,-0.124349207061391,0.0541880703073719,0.20126731010707,0.453016397680572,""1"""
"-0.525958956222472,-0.0567436559290032,-0.364852927635072,0.173427186114628,-0.0681502636087496,""1"""
"-0.0854979617689606,-0.000845393734432202,-0.298364546672288,-0.212960472763244,-0.41859671905585,""1"""
"1.29705724136538,1.16471079464202,0.882037261504455,0.0516386134916337,0.734675547911298,""2"""
"0.433017499335359,-0.0595780491921819,-0.14325946509348,-0.0760687516376833,0.00256660011118611,""3"""
"-0.606453219090395,-0.0853107712369985,0.112743340415111,-0.346151144827748,0.0439754502305369,""1"""
"-0.326342457433697,0.153289804611304,0.246244296367706,-0.167704230727428,0.801445636029867,""1"""
"-0.309915297757134,0.0914970696784579,-0.236315191320219,0.860417066286946,0.614861372228257,""1"""
"0.613668106646762,0.0599276856179645,-0.393072935580378,-0.26133543200102,-0.197791246888648,""3"""
"-0.0690543853572677,-0.00704999447866093,-0.312196658752252,-0.0998482168602185,-0.243547473583972,""1"""
"-0.194286975267258,-0.257745361442821,-0.327150368566958,-0.227216572828058,0.230929614890732,""1"""
"-0.479845446514334,0.135434454236318,-0.175838780914626,-0.16831462231627,0.0826078717070491,""1"""
"-0.325294213105488,-0.332913383087007,0.34038169809305,0.189997855434849,-0.332549791324163,""1"""
"-0.538702842418884,0.302561775136829,0.0941044161126686,0.18563344377337,0.435477116178756,""1"""
"0.837228800506646,-0.136076178279825,0.102751176938084,0.329905613864942,0.36304362858012,""3"""
"-0.173324561989185,0.0502123967676798,-0.0418080818145788,0.559986323993287,0.430924400135491,""1"""
"-0.163766070199174,-0.250609549619656,0.0694514590197892,-0.211934413899861,-0.0227901922112016,""1"""
"0.570595168515872,0.0301050548268864,-0.0587087767615357,0.137684885029261,-0.0585128069676089,""3"""
"-0.335638794399862,-0.129797706773262,-0.314002374166413,0.182152916703675,0.0279091117286893,""1"""
"0.156955471198565,-0.112095071489511,0.0928908512262642,-0.230591245924351,-0.00438331838521066,""3"""
"0.0521207275910939,0.349793336701102,-0.0184345567807863,0.11598028566001,0.460122750047742,""1"""
"-0.0444362797578554,-0.229199502889889,0.471160857238217,-0.441940024630201,0.495797330972317,""1"""
"-0.734149481268632,0.558681139779541,0.173377745859052,-0.328192627586297,0.480439968546565,""1"""
"-0.537378176372967,-0.0526173703608431,0.0273322895181705,-0.426128998379583,-0.276522843412394,""1"""
"-0.31476298663316,-0.693191439887803,0.441701421205546,-0.340586354401702,-0.405413047731456,""1"""
"-0.731785131944247,0.322460594528552,0.359819893019631,-0.0540754639335979,0.387519904617615,""1"""
"0.574013708205772,-0.751980273765485,0.476539022938357,0.0895321155877843,0.181358341674241,""3"""
"-0.333867813100606,-0.713535151592541,0.466289723528576,-0.313311302722192,-0.309487084322894,""1"""
"-0.253628347336958,0.241140167234101,0.227208694081348,-0.0422221823870555,0.527198960701173,""1"""
"0.667222503441149,-0.0231090487589295,-0.319296384911194,0.016276054393503,0.19401067663493,""3"""
"-0.525958956222472,-0.0567436559290032,-0.364852927635072,0.173427186114628,-0.0681502636087496,""1"""
"-0.0359287489779237,-0.342554245289514,0.308920509928716,-0.280288691428432,0.193778490306674,""1"""
"-0.716903740391332,0.429811836133852,0.0555770191869661,-0.190453593372107,0.366638502219383,""1"""
"-0.445916780635141,-0.443516346792997,0.819491277014283,-0.353009645083138,-0.330085093558554,""1"""
"0.746069078946907,0.639637931182303,0.702497301568208,0.0908803593170601,0.0451835737930653,""2"""
"0.999748971604563,-0.19393395419011,0.201523217118615,0.236586682866734,0.484822811204578,""3"""
"-0.442499797718758,-0.0244095857531728,-0.161175541563177,0.0114516804035418,-0.150695434137148,""1"""
"-0.0897421491348517,-0.213577728087852,-0.38305988709622,0.403348242150249,-0.0410459067651425,""1"""
"0.115595668549976,-0.240219211942178,-0.301569308748514,0.312120060826043,-0.0473659921282712,""3"""
"1.17975332708264,0.287882666222899,-0.224108196433869,-0.128268092571488,-0.028522485508833,""3"""
"-0.402173207055047,-0.411774599834749,0.594308920574229,-0.584950541976282,0.0900875110368732,""1"""
"-0.070623391107252,-0.124034683138409,0.0828325925285487,-0.336957040667713,-0.0285369893114516,""1"""
"0.196251174193417,-0.440721760491111,0.0955378226613172,0.266613305118574,-0.16001977470976,""3"""
"0.352585399293414,-0.241125179455458,-0.226627543632166,0.183590997174066,0.107258290871662,""3"""
"0.127876439427504,-0.629576630619215,0.231854640154805,0.276356298880833,-0.983669356213662,""3"""
"-0.494747488611878,-0.163986790856552,0.401828442147876,-0.417999726439046,0.422860722343253,""1"""
"0.0674504845601467,-0.367994703022912,0.127331132975157,0.508922798998061,-0.881994159487721,""1"""
"0.168659484888273,-0.092755153124432,-0.232079454393929,0.0129530928616108,-0.183671941534565,""3"""
"-0.313763159706189,0.371629604663471,0.485818937596776,0.457843923245015,-0.739043951248843,""2"""
"0.774962569297273,-0.464789032924889,-0.48873076560579,0.0886296009240633,0.116891685847385,""3"""
"-0.0679690747093806,0.0463514629196675,0.165696465358735,0.0571160949978384,-0.0722272535498299,""1"""
"-0.29037376900956,-0.321909939306496,0.647008036353281,-0.081219297194725,-0.493818758154777,""1"""
"-0.444201518463725,0.341366384215635,-0.0658282854162109,-0.0273040050605193,0.170085244323233,""1"""
"-0.470073379805922,-0.386956550108718,0.310884274224415,-0.0456190056054048,-0.154977108645458,""1"""
"-0.276335083241973,-0.525483326995381,0.26311865309578,-0.055496926658879,0.0496436307965493,""1"""
"0.879106590685906,-0.120291128335335,-0.326785202479792,-0.0374855957124607,-0.273695802829174,""3"""
"-0.214370867660897,0.15486701474758,-0.247174646039195,-0.24297052526373,-0.000542670718796537,""1"""
"-0.215725752701611,-0.261943524296149,0.258048553393788,-0.0354644195692194,-0.171258075454828,""1"""
"-0.742962765861028,0.184224106612835,0.0724151739936896,0.0196204118536392,0.618884354755187,""1"""
"-0.108846975602298,-0.233921439792591,-0.35847158477319,0.430623293829759,0.0548800566434197,""1"""
"0.508310361049379,-0.624129872441739,0.0687329048967476,0.237713716643062,-0.111807942732791,""3"""
"-0.757548839820274,0.238846228349379,0.152323578954334,-0.171038984215784,0.632583063992241,""1"""
"-0.529207769643488,-0.040721129900439,0.0360532377516461,0.0473926757386982,-0.153174851225321,""1"""
"0.623403149999608,-0.027643867982081,0.141260842904572,-0.0316351730733851,-0.178916094647533,""3"""
"-0.138494437509133,-0.0129472033795308,0.104433697474364,-0.166817577001988,-0.0444657054726205,""1"""
"0.0957842443905481,-0.254037717269972,-0.120105584256422,0.645781904212835,0.584934444553629,""1"""
"-0.292600258466634,-0.019086125628988,-0.148375348988443,-0.0643235690678753,0.0852859919025793,""1"""
"0.150076368557321,-0.498398795676987,0.0720989739037046,-0.0730738251032666,-0.276249965986258,""3"""
"-0.139601876525403,-0.627001510743696,0.229527956170333,-0.017163762489978,-0.300832685027419,""1"""
"-0.0567330298580492,-0.288064608087182,0.0643144106971074,0.442584866056976,0.534547881956739,""1"""
"-0.425678523209818,-0.459991133532832,-0.163784908325959,-0.110076423895018,-0.320477459800539,""1"""
"0.245102505676217,-0.176613421564575,-0.0599531347089646,-0.0693103314271517,-0.175169203466616,""3"""
"-0.618944787718636,-0.257397400938122,-0.129029462456453,0.444331359869906,-0.282024854413874,""1"""
"-0.417829768991038,-0.304013828586286,0.404848012612388,-0.188506807349414,0.231922847142897,""1"""
"-0.614903792602335,0.580658247815208,0.160718104163485,-0.0590680012651396,0.372413785235191,""1"""
"0.384969768614091,0.464216188356563,0.686869682974306,0.509034443795553,-0.447489607421145,""2"""
"-0.488738276339969,0.140396900066752,0.0443490320103884,0.0675642720260808,0.644807291684942,""1"""
"-0.13427542822197,0.0618647409540155,0.0277028723271813,-0.493509519477412,0.114933365057771,""1"""
"0.0712739690747183,-0.148954484997252,0.181431083052327,0.278878783467335,0.604617655977045,""1"""
"0.734809061191973,-0.62916982306968,-0.0149327468686616,0.535447281878602,0.226380314100158,""3"""
"-0.607647736753537,-0.0631893679387432,-0.0772165246558751,0.390255199321016,0.371102826230047,""1"""
"-0.0246143594711476,-0.0107295699761531,-0.339148967757468,-0.034178261084135,0.0286585770261246,""1"""
"-0.710684229516785,-0.152339147432759,0.0796952135709273,-0.266570339323902,-0.175357750238478,""1"""
"0.084134436276065,-0.280427178187883,-0.318377221547597,0.298961716836271,-0.120035776899582,""1"""
"-0.0133258580612298,0.492525735696112,0.0435056011720099,-0.081832344962892,0.275265300022616,""1"""
"0.415948536749913,-0.633222961749418,-0.358920831299443,0.310835529331262,-0.127081289826835,""3"""
"0.0555743698179964,0.379401679851988,0.591411662489602,2.10154883973324,0.0736297357215308,""2"""
"-0.137334972151495,-0.240517018283253,-0.350251749071465,0.386695594077751,0.0486008980583883,""1"""
"0.523192354558293,0.209714231749366,-0.292077416844632,0.245031757236333,0.661579374917532,""3"""
"-0.47534077522254,0.646634392028985,0.354207430564672,-0.276173090021968,0.689879422648564,""1"""
"0.389404753813731,-0.0478661218965707,-0.205380366112035,-0.316111157753675,-0.257559865542009,""3"""
"-0.687616274088463,-0.155440213968071,0.201539736015978,-0.0798788587207251,0.262487062315626,""1"""
"-0.380749814667834,0.504809250285429,-0.242576824921028,-0.321921433585959,-0.371291934310141,""1"""
"0.367938726481748,0.863666812882473,0.32271002209842,-0.410180558734406,0.120068135850796,""2"""
"-0.475252504387778,0.088416726400041,-0.00948033465142448,0.252434316904243,-0.147179768578026,""1"""
"-0.247301591967646,-0.423210437401633,0.260969798622158,-0.226843118164074,-0.45882315628287,""1"""
"0.939897050815813,-0.0424259638346613,-0.222069825887731,-0.492707637446534,0.126995362062942,""3"""
"0.278115839647892,-0.298076987852463,-0.202797268567984,0.218801129827835,0.0744131904961867,""3"""
"-0.177889183612504,-0.149059378012789,-0.230215901160991,0.24206732765305,0.129739978316263,""1"""
"0.790172252989957,0.533628351125499,0.277590720268777,0.212913438327986,0.25028633830995,""3"""
"-0.56189164696082,0.662544583743962,0.538275300520063,0.319977144369674,0.00997439760016688,""1"""
"0.643135785002344,0.502896158091383,-0.0714191990778874,-0.549396864861255,0.00505445240120676,""3"""
"-0.305847657350972,0.01157727321533,-0.352337134081982,-0.120806114922438,-0.275295144158667,""1"""
"0.467637612321153,-0.0334423320607808,-0.026658665995629,0.128967317931022,-0.0976370659281151,""3"""
"0.0187133472332831,-0.42927655157076,-0.0338742423982591,0.459886148030035,-0.179419496633651,""1"""
"-0.636980675401224,0.143286361047059,-0.224730126343884,-0.0624350595407186,0.117864268420301,""1"""
"-0.523095235001586,0.110739350462912,0.372041202392162,-0.440047455536928,-0.285957788307655,""1"""
"-0.410773552236105,0.181870804646353,-0.39930762635076,-0.238347014915597,-0.481944405946691,""1"""
"-0.383208809782723,0.233675176272594,-0.350628112380041,-0.348326757477111,-0.327453534875635,""1"""
"0.141490315778338,-0.0872478265730495,-0.308032467492448,-0.113977057351355,-0.268749161715882,""3"""
"-0.683917288965614,0.47234877786263,0.501101773404975,-0.447764354767984,0.248911284595113,""1"""
"-0.231211237873956,-0.109507561603305,-0.433162874380098,0.567739456288771,0.440188159577675,""1"""
"0.298848065353372,-0.975751532761348,0.557170852965146,-0.442151221658956,-0.0416467118813991,""3"""
"0.148180244659748,-0.422557341969974,0.286773879484697,-0.146012071095369,0.0369847851273021,""3"""
"0.955686784292455,-0.368075562488466,-0.551812634779648,-0.172413639647258,0.0346150907130863,""3"""
"0.664745491701786,0.117860320575377,0.0295086499987109,0.020071091906124,-0.519255479023029,""3"""
"0.568785528664295,0.0339335125943186,0.290401834571094,-0.217208008896985,-0.148238652516272,""3"""
"0.833589215587554,0.147292321895512,-0.210377418190568,-0.200494621104463,-0.320405378131937,""3"""
"-0.712579427829801,0.369411225236859,0.0294217505640455,0.290019969087348,0.514466986313194,""1"""
"0.39186374892862,0.223267952116265,-0.0973290786530215,-0.289705833862523,-0.301398264976515,""3"""
"0.170394340501059,0.263178112020895,-0.12920360617689,-0.201971956621043,-0.132761590018545,""3"""
"-0.668836545692021,0.0628219450172378,0.473083640415637,-0.390468539042761,-0.0303018240626838,""1"""
"1.00355718533286,-0.25531488407955,0.21780811405334,-0.196616629303755,-0.116159906483019,""3"""
"-0.31919521798817,-0.136002307517491,-0.327834486246376,0.2952651726067,0.202958357200567,""1"""
"-0.694240653105092,-0.158543748176987,0.0658631014909638,-0.153458083420877,-0.000308504766600022,""1"""
"-0.694240653105092,-0.158543748176987,0.0658631014909638,-0.153458083420877,-0.000308504766600022,""1"""
"0.413722218249211,-0.567369999380823,0.182039475660441,0.575770807031238,0.150256497674759,""3"""
"-0.25456212330004,-0.0276649312956604,0.547874248041261,-0.339096611663856,0.380640357740098,""1"""
"0.411844214697886,0.343218273006553,0.0566914329547547,-0.407429467312283,0.00689973427415966,""3"""
"0.150850973336874,0.463460463357877,-0.213167407632995,-0.484957427334026,0.0341778573700141,""1"""
"1.34651263603528,0.0584514277468105,0.0871377473805405,-0.172117730012744,-0.27147452496208,""3"""
"-0.352216922365219,-0.468624243908037,0.0430053900525194,0.0753768872898444,-0.242919700059748,""1"""
"0.312076763971197,-0.142131819955113,0.804878296721938,-0.0629843845027959,-0.298733098889159,""3"""
"0.474352004580559,0.0452209577493561,-0.157981419915632,0.0684081509743666,0.618256008193419,""3"""
"0.0630406786378007,-0.182850852461066,-0.189273153384956,0.144622833345907,0.048179008385369,""1"""
"-0.435673899090589,-0.216789855305734,0.231807705314427,-0.270465100927016,0.0975857030403579,""1"""
"0.72908611115251,0.480105611843805,-0.232462072950763,-0.453725020075494,-0.197728661702683,""3"""
"0.0372296190839256,-0.285574614958647,-0.245867432512696,0.224192106928527,0.00160999379599942,""1"""
"-0.520726150985613,0.407764895838649,-0.122122514760944,-0.265485460317132,0.00619077808701339,""1"""
"0.171430852465533,-0.201387067267453,-0.4857861096565,0.304356315295234,-0.303575390301442,""3"""
"-0.393994691828624,0.0760956232903936,-0.199493148146753,-0.282087029419637,-0.104509259077262,""1"""
"-0.432711185233142,-0.497191359216032,0.520601658102703,-0.444201443652531,-0.130793986220462,""1"""
"0.985671850248563,-1.07168074314258,0.828012498282278,1.54744958751244,-0.66514418832357,""3"""
"-0.694600253568048,-0.0207924211619347,0.26558732635034,-0.507432059324947,0.214761335311942,""1"""
"-0.230910256905887,-0.649987764704874,0.434239612762669,-0.304593735623953,-0.270362825362387,""1"""
"0.152415023070293,-0.0469601543832907,-0.280322131228383,-0.187582094101698,-0.412184148541942,""3"""
"0.587158262453149,-0.372676990776211,-0.405381767475326,0.247662160826216,0.319307093808433,""3"""
"-0.40514644277976,-0.445386987589791,0.569281172073422,-0.554181186214045,0.0236968848505941,""1"""
"0.321925833295522,-0.0870135301634475,-0.293767447838594,0.276485449074156,-0.29542921615223,""3"""
"-0.51167601485109,0.106613064894752,-0.0201440147610812,0.159508728957283,-0.0775852085040111,""1"""
"0.358982489263175,0.104131391497895,-0.700329431242549,-0.23498028228093,-0.191883737134778,""3"""
"-0.295683697477208,-0.556468313280215,0.578731757008176,-0.512731417557424,-0.497230446279173,""1"""
"1.3002037778841,0.901304489133223,0.511518984828558,0.367733782510429,-0.542282761121519,""2"""
"0.705674074626895,-0.357171265618191,-0.402028151316634,0.326199752272086,0.511819331419617,""3"""
"-0.0676007423595028,0.2396419247539,0.333708755174494,-0.510618250367109,-0.00551726115343983,""1"""
"-0.10440664388344,-0.0556666293268702,0.947981396639357,0.273160998047713,-0.503278952509554,""2"""
"1.11493437559093,0.044680506385246,0.167068518402927,-0.175187518163491,0.0710286688666363,""3"""
"0.671936497621222,-0.408055983574691,-0.318821408824649,0.181741742693099,-0.192312952902424,""3"""
"0.85010177817751,0.179051744939026,-0.153208235391271,-0.59435150984287,0.0490262637645896,""3"""
"1.07081384151959,0.106887689415745,-0.228629035520545,0.390416030099335,0.73796670625199,""3"""
"-0.258942840158832,0.0167247099860936,-0.424846923116883,-0.0460365050146939,-0.396940914854249,""1"""
"-0.664545417854606,0.0914819894208175,-0.273409640314603,0.0475446830207949,-0.0366266026507553,""1"""
"0.734065377191796,0.202481402038341,0.288976081780494,0.0544791301855321,0.367855751939801,""3"""
"-0.504282574573921,0.40156029509442,-0.135954626840907,-0.152373204414107,0.181240023558892,""1"""
"-0.392555629275702,-0.00473427093193619,-0.155108354767159,-0.0848651195872814,-0.27777456124684,""1"""
"-0.3156107138366,-0.154662788204103,-0.395490026161886,0.308785307337687,-0.216228564165897,""1"""
"-0.103104810396308,-0.249875444700505,0.547962401303307,-0.204222428478164,0.448368171686896,""1"""
"0.755120266026979,-0.342822607373526,0.276394130263862,0.0801552601744096,0.636980757957575,""3"""
"-0.402652309212407,0.296071075240435,0.044927028409291,-0.242858003644106,-0.676676239103811,""1"""
"0.40842599260669,-0.0777700330633807,-0.166911230563392,0.00314163516159267,-0.0855336447735907,""3"""
"0.572696698164914,-0.172804250311125,-0.214111750079076,-0.110642303863,-0.0998865896782561,""3"""
"-0.073518616263194,-0.492126664265581,0.0879609935461298,0.464986475241737,-0.308515780884718,""1"""
"-0.424674299662604,-0.282069309042965,0.248355023687416,0.39189800755383,0.228114743683774,""1"""
"0.399393793460295,-0.28626897691692,-0.0236910314871257,0.0389708942401731,0.245332487506469,""3"""
"-0.195691237936957,0.428950077671139,0.0898661750141651,-0.190852011280253,0.382590692094223,""1"""
"-0.258912536735649,-0.281701973060791,0.663815949152363,-0.0680609532049537,-0.421148973383466,""1"""
"-0.584339902302184,0.104234239057779,0.230360771838099,0.274712369668709,0.131910812514549,""1"""
"-0.584339902302184,0.104234239057779,0.230360771838099,0.274712369668709,0.131910812514549,""1"""
"-0.506115628714745,-0.122203597718781,0.378846698050265,-0.342422413153745,0.323199443251989,""1"""
"-0.0394006794417181,0.142640712662053,0.278306223678681,0.193989179428579,0.20828219501186,""1"""
"0.138829065722585,-0.113796139022016,-0.297276277249381,0.0264102502311802,0.00222604716455795,""3"""
"-0.240399869095206,0.419405510269753,-0.130903522878457,-0.260492901124587,-0.050660228738334,""1"""
"-0.68831788454487,-0.227955543875647,0.411078431644413,-0.298338969537009,-0.19045751497541,""1"""
"-0.65714330751815,-0.176879695401104,0.199933177790558,-0.182731223685536,0.266222377998328,""1"""
"-0.683119487063403,-0.100534775806517,0.128374727541646,-0.376550081885415,-0.0208668791674222,""1"""
"-0.396490610864723,0.345227525470108,-0.0545987134767684,-0.252265472072943,-0.491379350841953,""1"""
"-0.403733936225851,-0.233368471625639,0.161357903133121,0.208339040292164,0.119810047672604,""1"""
"-0.512253525170866,-0.151733298595302,0.507962659603062,0.00253929356994746,-0.417558597154562,""1"""
"0.525539335363743,-0.259169507468235,-0.0952255748337697,0.144643289907879,0.543610031797945,""3"""
"-0.0210298553195786,-0.0293900506627649,-0.406804507672978,-0.0206581263531483,-0.390528344340341,""1"""
"-0.0257860381939621,-0.0103349555836838,0.164145862454396,0.512917889700137,0.496988641107264,""1"""
"-0.394689576287368,0.313417530917176,-0.213415513571347,-0.479208734916642,-0.0918253203962705,""1"""
"-0.59497245258575,-0.165053125881581,-0.0244692583935825,-0.215269167388216,-0.191652764248828,""1"""
"-0.237235525288559,0.0175219710632785,-0.147617321729594,-0.0722586500421345,0.214057055686616,""1"""
"0.919187409268938,-0.0413468439006633,0.332294607297813,0.606811433031307,0.470748069146229,""3"""
"-0.553523698675854,-0.108548027555244,-0.413532441605791,0.283406928676142,-0.222641134679806,""1"""
"0.954574563494646,0.459848524785378,0.113775292935439,-0.124641953588983,1.37802905821754,""3"""
"-0.505049781021774,0.138109345963976,0.0904575894375946,0.0449987905151848,0.625296925269095,""1"""
"-0.590867165693086,0.335464471212379,-0.035715979623437,-0.404176867971617,0.268622403736099,""1"""
"0.609745000328001,-0.175291929249415,-0.0648045429654729,0.0805624639528659,0.351791901644686,""3"""
"0.0505165895006458,-0.178801928402427,-0.0268808003682356,0.33753062693202,0.561264705507238,""1"""
"0.305506211857774,0.674141873774213,-0.159370732473152,-0.447364308152635,0.0410640120158395,""3"""
"-0.521198975129268,-0.595138109366788,0.522600150599447,0.0117853689258056,-0.6484793945072,""1"""
"-0.0110284021234391,0.0561064146625724,-0.32219482173647,-0.248170605417013,-0.385751618680375,""1"""
"-0.169701281736407,-0.594928807666777,0.352391649689101,-0.0506400284740732,-0.517095501706113,""1"""
"-0.262865946477594,-0.218494904881286,-0.0965785305019781,0.295861390939192,0.152642233679086,""1"""
"-0.163210573261904,-0.104017288002879,-0.20023781846442,0.183860729317216,-0.386116185058518,""1"""
"1.06090021162636,0.12730982828227,-0.27300568270261,-0.441851207580503,-0.204774174629936,""3"""
"0.0612695880733885,0.27376545084225,-0.421384836708805,-0.146558586418684,-0.74931486674376,""1"""
"-0.113088330011408,0.0877223644417671,0.212696066374146,0.0672131042158887,0.096542725132443,""1"""
"-0.510274780759989,-0.334920758175116,0.123802370553274,0.229486010499259,0.190356857344955,""1"""
"-0.731481999356383,0.104481751968252,-0.0647974248150044,0.15050238929317,0.383256140275823,""1"""
"0.0356775173861616,-0.123903082425054,-0.0862153858545944,-0.0507610103366886,-0.175302615395493,""1"""
"1.25534785352447,-0.0423235817547827,-0.296283876184233,-0.127339939223015,0.0985196893125737,""3"""
"-0.518860833538972,0.0762302109288207,-0.256329070842878,0.18858277825117,0.197857661615331,""1"""
"1.13798783843278,0.127349755392664,-0.276101799658492,-0.119004069057838,-0.133940280056834,""3"""
"0.156912108934708,0.272285653275104,0.168800316572545,0.765134767997891,-0.713078631096135,""2"""
"0.276986646864837,-0.0150003152656573,0.027524333275763,0.536046025802132,0.503861008764555,""3"""
"-0.228919102590561,0.33966315562517,-0.268116121687151,-0.129610923685055,-0.286288443217699,""1"""
"-0.345018650325718,0.0902697111819861,0.308344778702557,0.236740084195923,0.315523111575821,""1"""
"1.01954489419434,0.476196282581416,0.0695581076585927,-0.352508087795598,-0.324304679453101,""3"""
"-0.715540617004801,-0.0694932585792601,0.352584446904635,-0.323873092063282,0.323066031323112,""1"""
"0.8525607732924,0.450185818951862,-0.0451569479322577,-0.567946185951719,0.00518786433008351,""3"""
"0.162265237470804,-0.168071128611199,-0.277478097100826,0.174865266585019,0.0111989155342225,""3"""
"0.131948147842318,0.709373897774154,0.500882674288898,0.347594284630749,-0.339120288930727,""2"""
"0.679489898273771,-0.948101910394271,0.0816077187970044,1.13865344244611,-0.488445269129727,""3"""
"-0.378537178096464,-0.172476257310594,-0.0822818866696931,-0.000914359696216403,-0.205031575218866,""1"""
"-0.453714033004081,-0.0332947940557509,0.308657490295052,-0.512823036425639,0.28756453201213,""1"""
"-0.702401764444006,-0.00556301233581859,0.0597728528054539,0.0984893716530455,0.058480548686232,""1"""
"0.512173511531912,-0.0231335450397927,-0.215726301809543,-0.00654505896908087,0.451248139551992,""3"""
"0.788919306181628,-0.753652766129382,-0.168047858461578,0.980861524593861,-0.0995214328527234,""3"""
"1.03059715224163,0.28881627455543,-0.277514811897585,-0.245644623182658,0.0532622794608196,""3"""
"-0.199776472338202,0.19334575223664,0.00379348616051411,-0.0497340651070822,-0.225553585343907,""1"""
"0.0511180821630884,0.0439146246180923,0.0150941942100968,0.44148309098957,0.328678351363801,""1"""
"-0.232564978532898,0.198248056829268,-0.0873699742630169,-0.33561777314037,-0.0394597886615513,""1"""
"-0.294168883099624,0.885825007288862,0.00294207298062934,-0.234227871744976,-0.744290127268788,""1"""
"-0.305847657350972,0.01157727321533,-0.352337134081982,-0.120806114922438,-0.275295144158667,""1"""
"-0.469061275121404,-0.211415013288564,-0.168659811976345,0.516137702414849,0.339579165272053,""1"""
"0.809157508618438,0.258952825958296,0.416495537474012,-0.165424306344287,-0.18566448143687,""3"""
"-0.0304965181383214,-0.0378077835216364,0.441999545888536,-0.284652723299517,0.216330717058447,""1"""
"0.0512435182920517,0.0319588883648629,-0.137355295809637,-0.060996979070328,0.197213447563273,""1"""
"-0.0801002964016685,0.0096700642525374,-0.0987259763003361,-0.178138212817686,0.178800658973365,""1"""
"-0.3625260955163,0.0558971129625607,-0.151986320826125,-0.185745208017135,-0.517135511481462,""1"""
"0.795697124778794,0.425084674781192,0.0706744638082585,-0.432701164581155,-0.340924505094551,""3"""
"0.856640288184215,0.00897215975827547,-0.294694924821589,-0.607864239500233,-0.0213669360535042,""3"""
"0.431119854985584,0.14265054295909,-0.410357323765435,-0.294648891636825,-0.0754327536185191,""3"""
"0.309097923666813,-0.653545941209451,0.413504229077718,-0.0306526269132195,-0.437879734492018,""3"""
"-0.538702842418884,0.302561775136829,0.0941044161126686,0.18563344377337,0.435477116178756,""1"""
"-0.195488459980944,-0.0985358536149179,-0.289761432474694,0.893397658270692,0.749327920083892,""1"""
"-0.441258499291759,-0.552068632429775,0.464876711289483,-0.439951856847012,-0.12228452480524,""1"""
"-0.421597660046505,-0.184649081665996,0.04146430061324,-0.186004066511374,-0.59231849300978,""1"""
"-0.421597660046505,-0.184649081665996,0.04146430061324,-0.186004066511374,-0.59231849300978,""1"""
"-0.0987215912246197,-0.578709797591228,-0.16733978326158,0.643874070807035,0.21684181976722,""1"""
"-0.167701185686806,-0.240989549856124,0.186978183629555,0.105326592714936,0.12196164750595,""1"""
"-0.522057011066327,0.0517714128287313,-0.0385351736693746,0.131953068202707,0.3833895522047,""1"""
"-0.60342302609769,0.500915893170626,0.0235055053547908,0.0718139761743918,0.136785570755827,""1"""
"-0.53378891749167,-0.0794143242572627,-0.166606195113175,0.133437247269533,-0.456458046517194,""1"""
"-0.53378891749167,-0.0794143242572627,-0.166606195113175,0.133437247269533,-0.456458046517194,""1"""
"0.171275627215301,-0.174519895851668,-0.164918679349428,0.225460184951063,0.130810693297972,""3"""
"0.50167432252255,-0.335577196710096,0.0119635217624413,-0.0885660945804639,0.632062440526743,""3"""
"0.130369149736649,-0.145256798943519,-0.37054409354313,0.109114941113183,-0.24819078731506,""3"""
"0.288106717855298,-0.180435559825795,0.201056744605443,0.318654478893685,0.077385681010932,""3"""
"-0.31495608013344,-0.307575770083295,-0.115360582612497,0.344734466163652,-0.161772864877137,""1"""
"0.632570678173345,0.324857158886572,-0.298853760201328,-0.121817852206843,-0.0665804008512761,""3"""
"-0.446178634878293,0.510121794744378,0.225102369754387,-0.269372491165008,0.0321475632386356,""1"""
"-0.322749432163869,-0.330068835014835,-0.152656660398441,0.521730919662385,0.106098424066557,""1"""
"-0.457704860808403,-0.22040668747831,-0.202749186608252,0.505070108099078,0.138810112513155,""1"""
"-0.339249699045435,-0.24117612456921,0.286152157192872,0.438125579438956,0.246073107333592,""1"""
"0.0621440027839292,-0.0450751137027636,-0.621819145645986,-0.0863600301673294,-0.320817098428849,""1"""
"0.671404328485425,0.105579517194067,-0.0955028680871288,-0.26402796051332,-0.239798659358844,""3"""
"0.099132862268705,-0.41904610344713,-0.386596094684166,0.202744296296905,0.0599878577619426,""3"""
"-0.245992295466013,-0.122265301600277,-0.326070609983719,0.137984592214927,-0.0804788358554672,""1"""
"0.202565266913589,-0.0567673005334384,0.179258277213376,0.22212441559989,-0.189658683329462,""3"""
"0.134829206696747,0.489407573193707,0.709088852018456,0.548429983162251,-0.365621023865999,""2"""
"-0.440803085995506,0.121239420751856,-0.402429660291794,-0.137466926485744,-0.242583455712069,""1"""
"-0.391003527577938,-0.166405803465529,-0.314760401425261,0.190087997677934,-0.100861952055348,""1"""
"0.405676162483473,-0.493432099630632,0.121800073806947,0.248063984028111,-0.159886362780883,""3"""
"0.110294109604542,0.280281323388858,-0.440507095875511,-0.0158675059265617,-0.526930936561358,""1"""
"-0.00458627890788557,-0.0355946514069936,-0.420636619752942,0.0924541295498769,-0.215479098868462,""1"""
"-0.659303942558461,-0.00731837383312056,0.558474202744513,-0.309761936745907,0.0817381876311882,""1"""
"-0.532678555004281,0.175532242470246,-0.191441136537835,0.825631550104275,0.661608220069814,""1"""
"-0.265525311119179,0.025701699921236,0.170379294527255,-0.363019343732898,-0.312979579111549,""1"""
"0.651126421890599,1.14142401999886,1.09346543827574,-0.150981069007989,0.998028048438841,""2"""
"0.542709834177073,0.00441609767498001,-0.490239908208946,0.160219860599724,-0.316485115319193,""3"""
"0.0558022764155749,0.24840459751485,-0.0471371940982054,-0.248852647957403,-0.141801676068983,""1"""
"0.0848118776130091,-0.0429279868258188,-0.10768165423659,-0.178916150446052,-0.510589529038677,""1"""
"0.568534278745008,0.3041224694354,-0.25221351009661,-0.251582756182366,-0.151982841499623,""3"""
"0.55551777122129,0.067521956931568,-0.279951548419373,-0.254962615199527,-0.0207279400717772,""3"""
"0.168999451797306,0.41895646800994,0.303611635031377,-0.135917951137787,0.404829323528134,""1"""
"-0.578528876174058,-0.17125772662581,-0.0383013704735461,-0.102156911485191,-0.0166035187769497,""1"""
"0.217684795795695,0.118814804226092,-0.439094083636418,0.110773048198258,-0.714133496079013,""3"""
"-0.189253897791055,-0.181104688745885,-0.110999508692821,0.389699388436872,0.366104180284398,""1"""
"-0.594793420451046,0.113987805878879,0.154494618452275,-0.0523335110652231,0.574151568258623,""1"""
"0.604646335257007,0.410804114275383,-0.14780904931267,-0.365812085549399,-0.00600143184378965,""3"""
"0.797739234632904,-0.109669760442982,0.401993205187663,-0.451002150548197,-0.330521569203233,""3"""
"1.03984103591936,0.357362761807669,0.323486844845481,-0.0739401846346732,0.655890058419111,""3"""
"-0.390352577621153,-0.326036667457364,0.0199838165933527,0.53039686331803,0.00769304356982223,""1"""
"0.0980519124589341,-0.0131849090965991,0.0655812163354032,-0.205617082004221,0.33528764419808,""1"""
"0.761874640315234,0.271292928951588,-0.475463688159101,-0.27651551072644,-0.107530383430918,""3"""
"0.732646956487066,-0.719894654700785,-0.0198498478593776,0.24806661656752,0.0650216724096379,""3"""
"0.435166804460677,-0.18095780905696,0.0800514871143391,-0.0335111215494401,-0.0221628055119107,""3"""
"-0.718845340855699,0.000641588408410053,0.0736049648854175,-0.0146228842499797,-0.116568696785646,""1"""
"0.570946163704606,-0.135627808973665,-0.0681391903828612,-0.0901772958366144,0.0362455378508672,""3"""
"0.527823579824199,0.0115802804390019,-0.45881817036251,-0.139569511020057,0.37908111103287,""3"""
"-0.622697734029842,0.306643081870814,0.119978786530107,-0.076353516698064,0.108429323525039,""1"""
"0.410176527066998,-0.11494647440084,-0.312883790259606,-0.0173233728647929,-0.221665772302714,""3"""
"0.349030843282122,-0.0649034219868344,-0.00556798534262016,0.0465542890029918,-0.525075109072892,""3"""
"0.573291230295782,0.103168535199388,-0.174289891196145,-0.0571989434588451,-0.117614707188358,""3"""
"-0.273285050016551,-0.335826725688396,0.198744135669623,0.100956946847282,0.344981140344888,""1"""
"0.591054067808142,-0.656823381011059,0.168376536653983,0.112395007520264,0.101408027217826,""3"""
"0.00391335415300754,0.704804371040368,-0.448505200505742,-0.663631262870545,-0.099335702220056,""1"""
"0.127125357415298,-0.0249001947224807,0.0827579672336231,-0.191870793019051,0.48977677841957,""1"""
"-0.602887614822694,-0.0692237238891233,-0.307271583856663,0.243849647783898,0.366844527408757,""1"""
"-0.334802373419633,0.121829144689801,0.172976480073957,-0.0849995398454253,0.551028801550248,""1"""
"-0.480112055963254,0.420732905991271,0.0878283912431543,0.71474903025954,-0.682427032333885,""1"""
"-0.380749814667834,0.504809250285429,-0.242576824921028,-0.321921433585959,-0.371291934310141,""1"""
"-0.276404723192033,-0.542793563965588,0.339006209547873,0.0179989516267936,-0.123619934523463,""1"""
"0.114580207028116,-0.291965180078483,-0.0765825379137767,0.0319518440361227,-0.368784333498179,""3"""
"0.865622550274634,-0.51293080566739,-0.418987832376853,0.333435831998801,0.473953315620108,""3"""
"-0.739374681802894,0.487887322488585,0.0919472157821965,-0.209601507322853,0.569599629010787,""1"""
"-0.449718415277695,-0.583529292351278,0.391608894995734,-0.357247165965009,-0.372701359284858,""1"""
"0.764833876307794,-0.188407044108842,-0.178235937135688,0.108435142184209,-0.430666090988403,""3"""
"-0.490400465812254,-0.144296577592411,0.210419047419114,-0.407390260151965,0.304054407705041,""1"""
"-0.334404331155967,0.432916749795761,0.250490550473341,-0.338016218087713,0.57663275581288,""1"""
"-0.579386399188441,0.255722116567797,-0.172928578432131,-0.273294890532085,0.0329941892567347,""1"""
"-0.496623232469835,-0.588676729122041,0.464118684030635,-0.432016775872753,-0.251055588589277,""1"""
"-0.109770229698114,-0.188712646657012,-0.301572235100747,0.276715851516237,0.203091769129444,""1"""
"-0.522057011066327,0.0517714128287313,-0.0385351736693746,0.131953068202707,0.3833895522047,""1"""
"0.0165363403299426,0.107910786288813,-0.273515307765751,-0.358150347978527,-0.23126074760932,""1"""
"0.108097963942267,0.0173943495324945,-0.689951486584576,-0.0120222870688812,-0.0254096754841207,""1"""
"1.04704072865332,0.282611673811202,-0.291346923977548,-0.132532367279633,0.228311524932698,""3"""
"-0.449824857385261,0.472115849409274,-0.157165774024087,-0.241943580034124,-0.0507936406672108,""1"""
"-0.472028191143592,0.650970276510145,-0.0964230874675416,0.0726058877980943,-0.148965016875074,""1"""
"0.215797793250088,-0.406948689790783,-0.13365400528433,0.480895324607825,0.229024771002597,""3"""
"-0.420117223289885,-0.0702815920920569,-0.0657300741986848,0.0151691620217242,-0.188211448307086,""1"""
"-0.0937968141145318,0.0519643648730055,-0.275019060711273,0.61080559174323,0.363638071696571,""1"""
"-0.242418480482483,-0.329272321631103,0.198664261734527,0.2464185362504,0.143170935431334,""1"""
"0.24742110769777,0.00991194806965985,-0.315054829757547,-0.136028846015354,-0.163234276569097,""3"""
"0.747347345958496,-0.0451995718188737,-0.323963900009296,-0.298508618018473,0.244577129673106,""3"""
"-0.10113904862053,0.208872271809421,-0.152786534791647,0.257208249651137,-0.205845631630908,""1"""
"-0.229800209906474,-0.129592693402436,-0.152937315269218,0.0338403535632793,-0.336206056980457,""1"""
"-0.423074709191688,-0.0631657182401512,0.240141548758024,0.351581163519489,0.0433075253192256,""1"""
"1.22954973706101,0.0139803915393946,-0.27449673210653,0.209232292544699,-0.130854965862921,""3"""
"-0.440803085995506,0.121239420751856,-0.402429660291794,-0.137466926485744,-0.242583455712069,""1"""
"0.0722895598953812,-0.0330030470037873,-0.157210943281013,-0.132355112778198,-0.0128918849703049,""1"""
"-0.158659362374877,-0.352657989273886,0.215245193557145,-0.0640565082235591,-0.293956738875311,""1"""
"-0.341473414349187,0.209607355918938,-0.154886162988226,-0.24791651187054,0.0394067597706428,""1"""
"-0.409457404088599,-0.346380379162102,0.0445721189163826,0.557671914997541,0.103619006978384,""1"""
"-0.631578661114369,-0.479014581585515,0.414026157820823,-0.448677587436059,-0.218343900142679,""1"""
"0.41808277926621,0.162383550394168,0.0186188408833022,-0.245290222948224,0.216991062614308,""3"""
"0.249310912407298,0.0709304925525292,-0.267859332195719,-0.00911846979537233,-0.172755603885861,""3"""
"-0.357882122360758,-0.492191307517451,0.51895476995083,-0.365060319386312,-0.290837555138043,""1"""
"-0.478243668638465,0.330918153155963,0.105786918627083,-0.219740710193329,-0.150827075599941,""1"""
"-0.432217033216522,-0.289911548352081,-0.0222982188956416,-0.0965636942376556,-0.250084259982445,""1"""
"0.211193356393972,0.74349141675698,0.737945273578137,0.511522316121172,-0.3219839837714,""2"""
"0.892977747935176,-0.310740216179916,-0.11140541573925,0.809484991787666,-0.142743778918671,""3"""
"-0.20670806897773,-0.211075161220779,0.189856145029401,-0.355974735329164,0.140168237496853,""1"""
"0.393517564521769,-0.194301668457051,-0.406022925447506,0.341349069224573,-0.227454363864221,""3"""
"-0.153683015121484,0.1206105907425,0.290127042964467,-0.343686119127751,0.0730736594250947,""1"""
"-0.553523698675854,-0.108548027555244,-0.413532441605791,0.283406928676142,-0.222641134679806,""1"""
"-0.231836296106654,-0.27932162736206,-0.190319047542586,0.59963304291164,0.31399276991391,""1"""
"-0.439036453615813,0.17031837655212,-0.0612552763895602,-0.211866358070713,0.353625894828542,""1"""
"0.190805173644053,-0.0355195362043305,-0.306270953092733,-0.113701600288272,-0.00956201761211886,""3"""
"0.330659573990262,0.30999676906649,-0.454250669564696,-0.339393350521528,-0.31304239262386,""3"""
"0.126611116805473,0.212621491535312,0.165781506191829,-0.134696113365662,0.379547752798784,""1"""
"1.12215905086985,0.175446910702161,-0.275909744345622,0.082591738419879,0.0563475936547327,""3"""
"1.31725109670925,-0.175795070243267,-0.437012538355703,-0.148787749854637,0.156897553278517,""3"""
"0.0679043066089816,-0.122267033311404,0.245607586935649,0.480926553898262,0.220817461057719,""1"""
"-0.670624170072395,-0.451076598567174,0.502559242658798,-0.469579822314077,-0.13720655673437,""1"""
"0.699062373584239,0.157167166204728,-0.389192874380495,-0.370150601405132,-0.308381133339233,""3"""
"0.509507653246622,0.363537656489987,-0.381321253295119,-0.402006511065279,0.0552946343482589,""3"""
"-0.460965718112431,-0.198926635696307,0.0222336438426485,-0.257763090630562,-0.0942253461340419,""1"""
"-0.615135084702676,-0.485219182329744,0.40019404574086,-0.335565331533034,-0.0432946546708006,""1"""
"-0.262234911829343,-0.000134654080281228,-0.290216233063427,0.119236291193554,-0.0151686785054719,""1"""
"-0.474225256031996,0.0184279385765585,-0.222559086845943,0.0562704136098421,0.0594327726866836,""1"""
"-0.0535810226102353,0.432627238814226,-0.420580075487627,-0.138993459676449,-0.443164340766955,""1"""
"1.11865668026498,-0.0377924146486334,-0.241598045057426,-0.105526480114652,-0.244463682440313,""3"""
"-0.554639217866397,0.519658425897182,0.163234075804824,-0.0490365749556692,0.407805515282075,""1"""
"-0.636980675401224,0.143286361047059,-0.224730126343884,-0.0624350595407186,0.117864268420301,""1"""
"-0.380749814667834,0.504809250285429,-0.242576824921028,-0.321921433585959,-0.371291934310141,""1"""
"-0.529747922375369,0.758641324496067,0.123141371506763,-0.369962113865512,0.197980593131872,""1"""
"-0.365207398063472,-0.235564471145867,-0.0439107204995528,0.0024318539756305,-0.0982911931478183,""1"""
"0.20792018544349,-0.635458122093629,0.640784626661705,-0.459416011254639,0.0382019977460411,""3"""
"1.37162897624576,1.66692751425176,1.57320797271161,0.397783172492298,-0.0810056277250774,""2"""
"0.0963564878765833,0.156946957244386,-0.16717304200868,-0.104224381532702,-0.222940756326858,""1"""
"-0.438344090880616,0.392373494764691,-0.294378372832781,-0.111061602594592,-0.286421855146575,""1"""
"-0.105555770829806,-0.19858313575038,-0.0977132262006102,0.167541356520126,-0.353986100665847,""1"""
"-0.495722255819555,0.275044692872889,0.108396622344751,-0.359988928578141,0.597081564681258,""1"""
"-0.0232260413534696,-0.0249929200321418,-0.113525020745455,-0.0257868464165584,0.164368347187798,""1"""
"0.303046883316435,0.470272189680548,0.224603759457795,-0.0886211270478363,0.22279213782147,""3"""
"-0.708684133467184,0.201600110377894,-0.0857182524886188,-0.110603718134893,0.463699398973584,""1"""
"-0.492799325240793,-0.173588826650777,0.179225281010306,-0.367824351296368,0.0751924961700167,""1"""
"-0.212475526178868,0.333458554880942,-0.281948233767114,-0.0164986677820302,-0.11123919774582,""1"""
"0.138639622554132,-0.263438915889532,0.195165486747,0.0337098334679812,-0.575902004951536,""3"""
"1.21155720739075,0.168113575283336,0.0370452211707289,-0.18877854157605,-0.238762836515482,""3"""
"-0.438344090880616,0.392373494764691,-0.294378372832781,-0.111061602594592,-0.286421855146575,""1"""
"0.721291393357295,0.0800246321056824,-0.196594361995983,0.0846897350795515,0.0288629211176044,""3"""
"-0.562565164751091,-0.370705111632937,0.0736424885793333,-0.0599812339332148,-0.0948413995026004,""1"""
"0.25028690574929,0.538722745386479,-0.29357465233938,-0.473712421636347,-0.276944428916778,""3"""
"0.10205059241339,0.12853450360071,0.277275579129915,-0.113552542718494,0.129677538265469,""1"""
"1.0919132768299,0.738949156333689,0.597603022151252,0.631588763451506,-0.544788410043166,""2"""
"0.310258798514977,0.072308027493872,0.0925561703695259,-0.251325912931042,-0.407706436977249,""3"""
"1.38349423153851,-0.46964489520488,-0.363175391569134,0.291879430212067,0.473668302407117,""3"""
"1.09884460345106,0.175440841859002,0.134785173112213,0.0829798715970456,0.0309230051873876,""3"""
"-0.393665676275116,-0.525129342234374,0.432068573264728,-0.423299208774514,-0.21193132962877,""1"""
"-0.486167670683741,0.217661762828951,0.544106507428616,0.715128730839737,-1.04161421601436,""2"""
"0.658492840595515,0.208540999445806,-0.556215726624913,-0.16735744513065,0.411532179507029,""3"""
"-0.346322923202964,0.0333394837210167,0.0922237847599294,-0.0499805972776684,0.493147636779192,""1"""
"-0.593563856854401,-0.285581899478571,0.274089054183084,-0.00657314186903875,0.122164762568405,""1"""
"0.0532776221521718,-0.349090913880499,-0.23242604546486,0.574214255606032,0.107245588378139,""1"""
"-0.263496768092352,-0.208805956498694,0.0272959693084113,0.320746879564904,0.263439261147422,""1"""
"1.11194950228898,0.496463192218197,-0.108317256918686,-0.443314684680083,0.213730856458561,""3"""
"0.596420245296836,0.357133864755053,0.586197624095826,1.04145403349732,0.201154150210408,""2"""
"0.367524230402044,-0.46356587327347,-0.160077249102214,0.775146741168942,0.145402122443897,""3"""
"-0.530608209492536,0.441271017328357,0.144550700123596,0.940764453387449,-0.331549027946239,""1"""
"0.257311302843909,0.24802548100186,-0.355744120295321,-0.490313345476108,0.243334771755469,""3"""
"-0.0891114854267792,-0.211438684077257,0.501342061594885,-0.148331154834174,-0.429699208706815,""1"""
"-0.626111709344565,0.140214881931769,0.395566457587301,-0.464138252349665,0.328141414076503,""1"""
"0.0757512576877774,-0.237823116243095,-0.259260098414883,0.279259955389805,0.147123902045594,""1"""
"-0.15720178819162,0.521042121487139,0.166256025248948,-0.374436790592109,0.393646576339219,""1"""
"0.102110395221365,0.0716648834942778,-0.304917160526244,-0.126293484280744,0.371667217532246,""1"""
"-0.537439722727117,0.0229986987155796,-0.227640328826379,0.0425452086750966,0.167477950870615,""1"""
"0.109190165562701,0.34990692897112,-0.486125197088565,-0.251659473280049,-0.14440571766589,""1"""
"0.43833329295713,-0.394926509310169,0.129004337398852,-0.193264482978502,0.0933629285749347,""3"""
"0.469212080596655,-0.329974215913007,-0.167344296147533,0.136362667165389,0.0486837231517271,""3"""
"-0.0221553643562581,0.260404504036682,-0.231097680298455,-0.00777293719298295,-0.0151798224083816,""1"""
"0.648113323994654,-0.304285268546299,0.109162568544078,0.0688896532484291,-0.0500004750317097,""3"""
"0.184131819485206,0.0443170956131524,-0.431850980279098,0.0514471901265089,0.00922022173239287,""3"""
"-0.153778548563189,-0.234312417539024,-0.336419636991502,0.273583338174726,-0.12644834741349,""1"""
"0.0893147361869228,0.28439892441188,-0.144131948672889,-0.0967779965830135,-0.425694201829372,""1"""
"0.0929559155167889,0.309016567484385,-0.0747444096502477,-0.06299188583202,0.165204377387815,""1"""
"-0.459708722018631,-0.274369080224673,0.116021981029327,0.215369302809519,0.167100678707704,""1"""
"1.03970717017085,-0.0513733924066029,0.227084698909057,-0.00836454538880322,-0.167078962700901,""3"""
"-0.400547003870476,0.26241042036812,0.0151345738452227,-0.39545113738257,0.364681779073538,""1"""
"-0.126745975245604,0.331127454855975,-0.0644215822832623,-0.282166107593207,-0.0194431827988542,""1"""
"-0.0421130738932375,0.300884609681366,-0.0872991080218458,0.160386851079395,0.021315024211458,""1"""
"0.384266341051833,-0.0387316549839965,-0.217766805985908,0.00754234176793412,-0.205467292332459,""3"""
"-0.18812480884781,-0.14857554688297,-0.199518754363328,0.134072145369229,0.360657853974505,""1"""
"0.369028975705107,-0.247329780199687,-0.240459655712129,0.296703253077091,0.28230753634354,""3"""
"-0.174970956419673,-0.0177479679221296,0.23370940418117,0.375780931279527,0.356669235389137,""1"""
"-0.642703608138527,-0.457941865751998,0.628036918011049,-0.160848601141471,-0.12150505861996,""1"""
"-0.636980675401224,0.143286361047059,-0.224730126343884,-0.0624350595407186,0.117864268420301,""1"""
"-0.746068073315629,0.159103873704797,0.01511098014564,-0.0401570067762525,0.396954849512876,""1"""
"-0.306665456215132,-0.198522108744012,0.0332354523809721,0.280869199661339,0.496217509616978,""1"""
"-0.662611096590259,-0.092730514897506,-0.173691335116267,0.305684981440608,0.0564494464127699,""1"""
"0.572329736388119,0.625788894581123,0.0754549155370411,0.628743003619959,-0.869965672548301,""2"""
"0.912472376265472,-0.303555697350177,-0.347518536019636,0.0865724573419242,0.349114517935071,""3"""
"-0.0561315371956067,-0.0653480550666622,0.10628940527544,0.546537330114526,0.301961527813301,""1"""
"-0.567228677997664,0.16579217750512,0.203174132422994,-0.162313253626737,0.72864243932968,""1"""
"1.17759269204233,0.457443987790883,0.134432828520085,-0.255298805631858,-0.213006675875973,""3"""
"-0.305847657350972,0.01157727321533,-0.352337134081982,-0.120806114922438,-0.275295144158667,""1"""
"-0.258699569879104,-0.0890642888199691,0.345468445681648,0.504974932093777,0.220521428283254,""1"""
"-0.449718415277695,-0.583529292351278,0.391608894995734,-0.357247165965009,-0.372701359284858,""1"""
"-0.456720202112748,-0.188343948734607,-0.64531723830514,0.82715049738028,0.0499356620983774,""1"""
"0.958459786519219,0.250297123094236,-0.567486919374699,-0.185976013826763,-0.0631887040554395,""3"""
"0.95188801175562,0.810590639729895,0.785556501224734,0.501485078124692,0.0371019658536466,""2"""
"-0.464782132067333,0.102906407880205,-0.526554568658089,0.498131203577496,-0.411155137271312,""1"""
"0.430623993062109,-0.225723891150658,-0.0176409980231006,-0.0667662275535844,-0.231137070550466,""3"""
"-0.34752195001423,0.594096172331399,0.115405471780288,-0.383162521181157,0.29758720100178,""1"""
"-0.199776472338202,0.19334575223664,0.00379348616051411,-0.0497340651070822,-0.225553585343907,""1"""
"0.149475089976602,-0.107714028482353,0.565841952356114,-0.462692008388467,0.464425709596408,""3"""
"0.122385489310892,-0.107591538277788,-0.283444165169418,-0.0867020056718451,-0.17282319830732,""3"""
"1.19530748637779,0.692513313918108,0.150980605058365,-0.537210995389264,-0.116202382079631,""3"""
"0.572696698164914,-0.172804250311125,-0.214111750079076,-0.110642303863,-0.0998865896782561,""3"""
"-0.366418450695721,0.0377189740250353,-0.0936908830449057,0.287257807646296,0.332633449975478,""1"""
"0.241167524087196,0.173348374837469,0.040556506581426,-0.236710683912813,-0.388773993061729,""3"""
"-0.156769712813875,0.00818900921689809,-0.221152383712994,-0.198591688922846,-0.130095654435404,""1"""
"0.356860618505026,0.0747683431528451,0.246410901041024,-0.153597544439892,0.54472709830008,""3"""
"0.130417878303152,-0.272873142508219,0.354922091075894,-0.191060932625184,0.00791599785970834,""3"""
"-0.0692534999509808,-0.0466403924755735,-0.250121869837834,-0.0124252857999348,-0.190084512048473,""1"""
"-0.472234014846234,-0.217395228540734,0.66942529917837,-0.172649718665775,-0.339461299012598,""1"""
"-0.102108764489741,-0.106091267756735,-0.477755033950704,0.0354877105500385,-0.574237357241982,""1"""
"-0.208646558822924,0.117073932548254,0.38252710096723,-0.137643950665589,0.463031913997812,""1"""
"0.0841582483644669,-0.423651211684483,0.0856267218121818,0.359796364287948,0.0452169498575146,""1"""
"-0.137402140133394,-0.138285536021187,-0.0835523740741435,0.211514549112915,0.226256053119242,""1"""
"-0.0110284021234391,0.0561064146625724,-0.32219482173647,-0.248170605417013,-0.385751618680375,""1"""
"-0.291326319269079,0.0941903979449898,0.0338285726486126,0.0673543711164767,-0.220886783401194,""1"""
"-0.291326319269079,0.0941903979449898,0.0338285726486126,0.0673543711164767,-0.220886783401194,""1"""
"-0.597662414288431,0.00157009340183185,-0.225841053779807,0.125258527520454,0.277684866944534,""1"""
"-0.258942840158832,0.0167247099860936,-0.424846923116883,-0.0460365050146939,-0.396940914854249,""1"""
"-0.717341651582155,-0.0376832640263289,0.511401246999214,-0.0969298292195821,-0.0764879991225699,""1"""
"-0.606177338806249,0.0678084558159457,0.139788686767798,0.372446177791172,0.187806663351511,""1"""
"-0.746410083309081,-0.051162783217831,0.0249254509146987,0.0953568583115339,-0.271059567856702,""1"""
"-0.674378122925336,-0.0365638245073943,0.381917120294732,-0.141051668206325,-0.469924128889281,""1"""
"-0.440803085995506,0.121239420751856,-0.402429660291794,-0.137466926485744,-0.242583455712069,""1"""
"0.103551248412471,-0.253019391177069,-0.307181585126753,0.381304616977059,0.121404094758575,""1"""
"0.177641111010703,-0.446594424050745,0.120778487874423,-0.18305356766478,-0.121759094915202,""3"""
"-0.23137809770545,0.0685290816123347,-0.376167409146164,-0.156016247576207,-0.242450043783192,""1"""
"0.0165758664044191,-0.0900325201406673,-0.197008679367533,-0.108050383546113,0.239814788047821,""1"""
"-0.606453219090395,-0.0853107712369985,0.112743340415111,-0.346151144827748,0.0439754502305369,""1"""
"-0.266228906854402,1.01888500015237,0.436186225343678,0.560327143608223,-0.632922052448212,""2"""
"-0.243415180626993,-0.0978738589515893,-0.215490540989215,-0.0753843547659111,0.262937554756196,""1"""
"-0.617362787717224,0.309524173802372,0.0526668167044715,-0.0854733251562916,0.416252184669698,""1"""
"0.276797012208629,-0.310179892894508,-0.118624419767741,0.301803580288793,0.153211252092473,""3"""
"-0.331645767424661,0.00885185738935357,-0.0598422641504674,-0.085225803945893,0.166423335310888,""1"""
"-0.415857176983639,-0.0052455950283134,0.190639240236458,0.381171908380219,0.28386603868895,""1"""
"-0.508175386108055,0.0739646428527718,0.431577882871664,-0.0980826415136595,0.361588297988992,""1"""
"-0.166253964288355,-0.35954191783611,0.399881372768092,-0.126376474931968,0.372848420905776,""1"""
"-0.4991536147183,-0.276911785804647,0.186313996603957,0.00639401203471986,0.169798482944133,""1"""
"-0.4991536147183,-0.276911785804647,0.186313996603957,0.00639401203471986,0.169798482944133,""1"""
"0.757682178585334,-0.407250179403055,-0.00220399356504701,-0.0193468485488752,0.336048133441525,""3"""
"-0.0375327002176088,-0.212380164769271,0.575327576067483,-0.000695387551543068,0.166909520491656,""1"""
"-0.0632964080936355,-0.295994530948443,0.367831262002185,-0.117658907833729,0.411972679866282,""1"""
"-0.0414896429038858,0.0447543771475802,-0.263517144781533,-0.209827959421732,-0.0890566025129161,""1"""
"-0.514081698670997,-0.43255632099073,0.27603687233366,-0.0487515189469165,-0.484517225188392,""1"""
"-0.634521680286335,0.414420435059894,-0.116678838884871,-0.0360297356495666,0.0740258689857945,""1"""
"0.11903761440739,-0.276239938581445,0.0148642716370329,-0.225888929673342,-0.0237500727464893,""3"""
"-0.706225138352294,0.472734184390729,0.0223330349703946,-0.0841983942437406,0.419860999539078,""1"""
"0.183071195278569,0.38638008778922,-0.27490607842503,-0.225773138914079,0.380292414893091,""3"""
"-0.264453505571446,0.805400300910488,0.296919886062207,0.338071995279319,-0.372600474081288,""2"""
"-0.0686905912393052,0.455917639003846,0.0427475739131619,-0.0738972639886329,0.146494236238579,""1"""
"-0.578528876174058,-0.17125772662581,-0.0383013704735461,-0.102156911485191,-0.0166035187769497,""1"""
"0.214249964370585,-0.445079452455155,-0.149820754775261,0.79921462634043,0.0663465242218923,""3"""
"-0.0363693977332437,0.342436763609383,-0.166222047565586,-0.323809943113116,-0.403870210827863,""1"""
"-0.537439722727117,0.0229986987155796,-0.227640328826379,0.0425452086750966,0.167477950870615,""1"""
"0.462278258092512,-0.521192228876394,-0.297066626563543,1.06691256883691,0.458024399987712,""3"""
"-0.659505789135658,-0.067610281989468,-0.116387141268218,0.365462400070499,0.278378951655081,""1"""
"0.243625217358795,-0.304723860672394,0.185299034642153,-0.280429020912758,-0.3352222641585,""3"""
"0.991825168908931,0.0946164274061143,-0.187594631805669,-0.361873354028668,0.115724119012994,""3"""
"-0.757548839820274,0.238846228349379,0.152323578954334,-0.171038984215784,0.632583063992241,""1"""
"0.382376536342305,-0.0997501994668658,-0.264962303547735,-0.119368034452047,-0.195945965015695,""3"""
"-0.39606983825206,0.287094085305292,-0.550299189234847,0.0741248350740982,-0.76063757484651,""1"""
"-0.0929613248710056,0.0630889732852361,-0.298397053155142,0.244313379733523,-0.25438338099751,""1"""
"-0.0929613248710056,0.0630889732852361,-0.298397053155142,0.244313379733523,-0.25438338099751,""1"""
"-0.0745213298146724,0.372302989966545,-0.448099370474747,0.203272814027716,-0.0985817256030816,""1"""
"0.733029995999682,-0.0686379531692791,-0.439389354740286,0.168945591188772,-0.220425739981754,""3"""
"0.196855048956413,-0.050639729880783,-0.3072744402336,-0.121912138325615,-0.139978097931845,""3"""
"-0.120489142789147,0.0867185711021082,-0.0876859369230169,0.338032494681361,0.0131800653916508,""1"""
"0.253357156714035,-0.262622785417967,-0.0838078254470722,0.457708270749085,0.198337680059218,""3"""
"-0.365510041258437,0.454801132521767,0.0415479207986957,0.0971923548359374,0.143198141269735,""1"""
"0.333612034602846,-0.126294875269797,0.271140664688883,0.411075468259726,0.362030903888975,""3"""
"-0.305402093996945,0.20199064202863,0.15924717581341,-0.351263197989094,0.693140940018697,""1"""
"-0.757189239357318,0.101094901334327,-0.0474006459050425,0.182934991688286,0.417513223913698,""1"""
"0.136427153543414,0.352509112663892,-0.405513460762841,-0.2398856809077,-0.684470800496235,""1"""
"0.179322452528757,-0.382596889728356,0.0162805332603315,0.545510384884919,0.352212497761716,""3"""
"-0.522199604663481,-0.253750323989605,0.192954585270852,-0.1015606931527,-0.0669196422984317,""1"""
"0.879106590685906,-0.120291128335335,-0.326785202479792,-0.0374855957124607,-0.273695802829174,""3"""
"-0.358891345347242,-0.285828701211659,0.036791729392435,0.543555207307801,0.0803628283411327,""1"""
"-0.384624210199878,-0.262972258156681,-0.0551063569203964,-0.0799110461651572,-0.339731064805976,""1"""
"0.648438372097877,0.285000607315649,0.158906697198903,-0.29904863818978,0.0921103663843537,""3"""
"0.988638718668274,-0.307430325919179,-0.228115167850112,-0.29030204929172,0.429982816875106,""3"""
"0.807075569182945,-0.250915618147248,-0.213855193293355,-0.115024833680479,-0.0262421903410295,""3"""
"0.996191045694939,-0.0827065278807741,-0.220266584899349,0.145991126936033,0.3868019132708,""3"""
"0.480000327608357,0.582139709711517,0.0782648551908275,-0.395902320694194,0.343215389193035,""3"""
"0.528641509687181,0.617516838818581,-0.219277559483311,-0.537956401820674,-0.408071933482251,""3"""
"0.293336521196415,0.571782113919036,1.13351764615068,0.648025861005687,-0.637479817992544,""2"""
"0.353404602606466,-0.16725077474662,0.914943943381442,-0.128145502740926,-0.336662207750729,""3"""
"0.161923624110556,0.132375302619042,0.517505817210712,0.945854143030314,-0.271717608047839,""2"""
"-0.0464212497789705,-0.201164442966194,0.464547579761912,-0.295159959913381,0.498341173874646,""1"""
"-0.606453219090395,-0.0853107712369985,0.112743340415111,-0.346151144827748,0.0439754502305369,""1"""
"-0.471995712997288,0.0942555974050298,-0.171515566193038,-0.146654336407265,-0.154208370260919,""1"""
"0.000526524235853537,-0.21433529580267,-0.00843209936352478,0.197406004913984,0.259934990858923,""1"""
"-0.353444164113991,-0.0220798990927128,-0.264914221588003,0.166900943819195,-0.131549042998727,""1"""
"0.299792221296444,0.16022696317096,0.0261010322261808,-0.1069992607009,0.323803477663828,""3"""
"0.832865965087617,-0.018710771686947,-0.4232070629862,-0.265374215667283,0.0991280815020534,""3"""
"-0.432246110430354,0.368763046916954,0.644009245996786,0.132581633297133,0.363335348471229,""1"""
"0.528641509687181,0.617516838818581,-0.219277559483311,-0.537956401820674,-0.408071933482251,""3"""
"-0.534935523949809,0.789380750202527,0.86043645741762,1.22857491947176,-1.26858405273929,""2"""
"-0.46699506824501,-0.323049981660588,0.648122984588167,-0.278681301768635,-0.209816767842465,""1"""
"0.423324981202531,0.26347591836197,-0.0805211658539392,-0.276547489872752,-0.228728480205205,""3"""
"-0.282770563050559,-0.187846559080989,-0.393634858860831,0.924717226551963,0.542621601725143,""1"""
"-0.565004465180499,-0.0288056729106614,-0.276319842797097,0.15252495123661,0.012987079799559,""1"""
"-0.452036062461402,0.459114684195322,0.453652457170956,-0.185614893630935,0.488654662708444,""1"""
"0.464640841282808,-0.266918686779241,0.352862798539582,-0.53018635319637,0.101802237100784,""3"""
"0.545135104150731,-0.238351571471246,-0.124733469510601,-0.0106080222539944,-0.0103234767385024,""3"""
"-0.0738610019999588,-0.693963209155168,0.566904817188981,0.0186144264968881,-0.641933412064415,""1"""
"0.717280296544642,-0.0294379093735608,-0.144993602796895,-0.216668706076816,-0.104211288639382,""3"""
"0.755504010185806,-0.465751787709066,0.11057558078317,0.195530207373249,-0.237203034549364,""3"""
"0.744151162041371,-0.0106289807988094,-0.376877728689604,-0.0541464072757672,-0.240984114382576,""3"""
"0.497216405812362,0.386362208507467,-0.149656257865802,-0.184001439485692,-0.0556068698516256,""3"""
"0.647874125772716,-0.246621029850138,-0.401812622083565,0.479839703789144,-0.0459925478784342,""3"""
"-0.317090027145106,0.0105760317658175,-0.173667741416685,-0.0496091491657093,0.0241763759734321,""1"""
"-0.589438444800887,0.223577218413561,-0.098377894184186,0.158520908186265,0.355673215662211,""1"""
"1.05844121651147,-0.143824245730566,-0.381056970161623,-0.468256531471655,-0.16093577519543,""3"""
"0.0479975726038537,0.148118752534518,-0.256707394966669,-0.344992003988756,-0.158590962838009,""1"""
"0.0479975726038537,0.148118752534518,-0.256707394966669,-0.344992003988756,-0.158590962838009,""1"""
"0.117140459178693,-0.300320287510882,0.041256664282182,0.184777279249727,0.23595335554508,""3"""
"0.551009269572272,0.297574102116728,-0.400278082155002,-0.431547708362334,-0.456343967521043,""3"""
"-0.0218280862044886,-0.0852379264226513,-0.0979188249415243,-0.308807714979835,0.235990495450704,""1"""
"-0.11130186803378,0.258736252184171,0.147739090747924,-0.160074492027207,0.373135182284876,""1"""
"-0.0095209173577127,-0.0505533198414703,-0.273176088400324,-0.155271969428525,0.550126417657643,""1"""
"-0.0990839191166689,-0.0676813783731578,-0.315318692693286,0.00103187156963461,-0.0041865233493502,""1"""
"0.120295562800681,0.365777788714196,-0.355897409939004,-0.243379984990427,-0.522154210901394,""1"""
"-0.17977419055463,-0.0446068524168085,0.191400669116066,0.0703853326675384,0.688644612159936,""1"""
"0.154363101404846,0.378850831871102,0.153184407831309,-0.0558711726208955,-0.602285775169045,""1"""
"0.0569890792545322,-0.418143885133101,0.00967370871366331,0.232866214074981,-0.0398602703238027,""1"""
"0.671059727243093,-0.453949983598982,-0.11466283792039,-0.286616305778449,-0.327588709821488,""3"""
"0.506238177202118,0.0354857798500491,-0.394920144133509,-0.0795247859373127,-0.247396684896484,""3"""
"0.228316281230324,-0.0104317636350782,-0.290466527434517,-0.108753794335843,-0.0673083131605348,""3"""
"-0.466404852222056,0.520220811316506,-0.00508559885966577,0.287245462771699,0.0719138681153708,""1"""
"0.813405825243246,-0.0396626839042902,0.644463829333112,-0.258078514891913,-0.0506130795293552,""3"""
"-0.636980675401224,0.143286361047059,-0.224730126343884,-0.0624350595407186,0.117864268420301,""1"""
"0.545973081097239,-0.0679527216174601,-0.260246999052345,0.416599328794164,0.198564124359602,""3"""
"-0.524124583453833,0.627891859302428,0.214478860114639,-0.155322538891908,0.418859478122316,""1"""
"-0.122137408344295,0.0168654833788855,-0.57331432477455,-0.0319629118647511,0.131507272799086,""1"""
"0.295668564417574,-0.116061743614132,-0.0677335242329122,-0.0834270391168908,-0.198425382103868,""3"""
"-0.755089844705385,0.509980302362215,0.260374866413347,-0.144633660324632,0.588744664557735,""1"""
"-0.755089844705385,0.509980302362215,0.260374866413347,-0.144633660324632,0.588744664557735,""1"""
"-0.41849194513942,-0.126492380471831,-0.449557975258958,0.225339581739625,0.0999849720812695,""1"""
"-0.302294942888986,-0.520045421829656,0.0956778606422986,0.00160701296640424,0.195464658463478,""1"""
"-0.205863352001493,-0.0529677734967799,0.175335806770975,-0.195306541481269,0.0611507706128046,""1"""
"-0.383208809782723,0.233675176272594,-0.350628112380041,-0.348326757477111,-0.327453534875635,""1"""
"-0.0823446542396205,0.166810004598883,-0.236255954295589,0.0421252780725931,-0.634925238796317,""1"""
"-0.427950325128054,0.0503195721234216,0.51615380436035,-0.395859516143453,0.0425013726375035,""1"""
"0.791751251095626,1.38825904784317,1.14901748810081,0.451392781845551,0.159356836694282,""2"""
"0.563674926775158,0.178072178346294,0.0311521361886314,-0.215118957411379,0.0919032253666022,""3"""
"-0.504280091745438,-0.0938464720061939,0.316437879819,-0.4987063287359,0.310820710649381,""1"""
"-0.056116202995309,0.108410234938351,-0.264659773226841,-0.112588499866595,-0.69094472463238,""1"""
"0.346935040386635,-0.741532431701996,-0.0185371620579534,-0.0778608241715823,-0.250583790466913,""3"""
"-0.24212447494085,0.227327484992903,-0.200007138820098,-0.169895449687363,-0.518877955934818,""1"""
"-0.730352910413139,0.137010893831167,-0.153316670485511,-0.105124853774474,0.377809813965928,""1"""
"-0.482116360638359,0.319552372373789,0.414739728064941,-0.308156646739405,0.109342445453188,""1"""
"0.171632720612986,-0.0591427653693897,-0.207051705893122,-0.0178162629006267,-0.117281315348286,""3"""
"0.550944661383289,-0.0181957819201009,-0.47609688032086,-0.293885107670341,-0.236824605554789,""3"""
"0.540943208187149,-0.103692247245438,-0.560706566257368,-0.0663726286064757,-0.241601331214754,""3"""
"-0.39439026517207,0.01878392511277,-0.172219649018954,-0.0451771366451574,-0.173922909967,""1"""
"-0.207205991529157,0.0781533549577754,-0.14449528778856,-0.173138738471988,-0.0253038945480056,""1"""
"-0.392555629275702,-0.00473427093193619,-0.155108354767159,-0.0848651195872814,-0.27777456124684,""1"""
"-0.700954543045554,-0.124115380315805,0.272676041943991,-0.133213695993859,0.309367322086059,""1"""
"0.134700495017422,-0.21987550023744,-0.326157611071544,0.284845009146532,-0.143291955536833,""3"""
"-0.165197768713684,-0.230186131970864,0.055765580161741,-0.325972846319485,-0.334820927217134,""1"""
"-0.495540257050772,0.155399728993178,-0.157016787297161,-0.0373389044593177,0.877353325151777,""1"""
"0.0336802290348094,0.0656509820639592,-0.101425123843848,-0.17852971557268,0.0474993021521817,""1"""
"0.377228845646133,-0.0969771816680533,-0.223548798452437,-0.22811395625051,0.168318444025066,""3"""
"0.0871076720007783,-0.24681479043284,-0.29334947304679,0.268192361074034,-0.0536451507133026,""1"""
"0.0165363403299426,0.107910786288813,-0.273515307765751,-0.358150347978527,-0.23126074760932,""1"""
"0.690414178722447,0.131565791692276,0.0291604341717361,0.155754338755237,0.130108762967293,""3"""
"1.17042346096065,0.0105379226226757,0.0647033214849886,-0.0411730273824478,0.164940570930206,""3"""
"0.825369607366981,0.0219036441557503,0.0792529603815477,0.172415150318543,0.0973970745206952,""3"""
"1.19992711653299,0.794086066362959,-0.0995091324365769,-0.383774958437741,0.0244434088530028,""3"""
"0.690278317077897,-0.822619702440254,0.544734676737138,-0.0629932670744539,-0.0130651063480177,""3"""
"-0.433634439328958,-0.451982566080454,0.577501007775147,-0.598108885966053,0.0174177262655627,""1"""
"-0.433634439328958,-0.451982566080454,0.577501007775147,-0.598108885966053,0.0174177262655627,""1"""
"-0.433634439328958,-0.451982566080454,0.577501007775147,-0.598108885966053,0.0174177262655627,""1"""
"-0.40571009641262,-0.537929521469266,0.426456296886489,-0.354114652623497,-0.0431612427419238,""1"""
"-0.475642662144432,-0.143643079151814,0.377240139824846,-0.445274778118556,0.326934758934691,""1"""
"-0.248133040536271,-0.0562915385447923,0.159936806420872,-0.190752353024221,-0.268069440201055,""1"""
"-0.407870731452931,-0.368368199901281,0.784997321840445,-0.481145365683868,-0.227645433109063,""1"""
"-0.545656087512066,0.194706308180547,-0.193803605624727,-0.311038698159031,0.252990304312923,""1"""
"0.490404549158835,-0.183304320600068,0.56035911260488,-0.413222832914184,-0.143260922273842,""3"""
"0.0512595871972941,-0.56014076526983,0.344156250540427,-0.155352708894025,0.436260954817544,""1"""
"1.15557865299947,-0.14958324665895,-0.0679876902052503,-0.0466939739400873,0.500257314970276,""3"""
"-0.270060857761322,-0.0550272119182558,-0.349300754628372,0.167110032497337,-0.132328556442617,""1"""
"1.06059069616605,0.0494023525467066,0.0566571291173489,-0.0206085048184383,0.106052788193712,""3"""
"-0.173783821492667,0.180964837133073,-0.324365861234411,-0.366876078567574,-0.327320122946758,""1"""
"-0.159080107508622,0.286188117792012,-0.475357424118498,-0.0544042285778785,-0.606013291846577,""1"""
"0.72908611115251,0.480105611843805,-0.232462072950763,-0.453725020075494,-0.197728661702683,""3"""
"-0.525958956222472,-0.0567436559290032,-0.364852927635072,0.173427186114628,-0.0681502636087496,""1"""
"1.14835308574688,0.675813854200508,0.16345211894343,-0.320565595250118,0.260878155425682,""3"""
"-0.529173870064949,0.162577396495535,-0.0958619225428466,0.168552334495735,0.391064945709095,""1"""
"0.32029688665501,-0.289365497499282,-0.154362246407477,0.344805103524202,0.0225089211434497,""3"""
"0.0381233813083793,-0.182914564776526,-0.203942823365524,0.280636380073167,-0.277017170365561,""1"""
"0.160625445668967,-0.365330797915196,0.756042102453768,-0.163276557221126,-0.388883183653662,""3"""
"1.01911638573698,0.368558629200013,-0.140302213088891,-0.376526600622189,0.288890493940184,""3"""
"0.454184845932073,-0.0693467035188279,-0.278036388368851,-0.0141908595232812,0.10787434424022,""3"""
"-0.606951141641823,0.203917744941556,-0.22160809240285,-0.163315147970572,-0.121496681814321,""1"""
"-0.214934521293757,0.062324480868106,-0.389999521226128,-0.0429039916731822,-0.0674007983113143,""1"""
"-0.44126128439671,-0.226611288222538,-0.216581298688216,0.618182364002103,0.313859357985033,""1"""
"-0.659604369667145,-0.153452713608907,-0.380771204034745,-0.158038114973142,0.368962565883025,""1"""
"-0.547545598392247,-0.155936643566774,0.171370660376735,0.201047657461775,0.240493369094821,""1"""
"0.132982784998406,0.0261069158265755,-0.145792120182947,-0.275628390553124,0.0332696789497613,""3"""
"-0.157141508939997,1.00306748749463,0.196345118854154,0.538049090843757,-0.912012633540787,""2"""
"0.45719436348715,-0.0358156519908262,-0.252938950692848,0.117139997296026,0.0730179168626693,""3"""
"-0.0513781312383859,-0.0528486414671811,-0.176891071086958,0.218284397063075,-0.0271495238984803,""1"""
"-0.374559951166245,-0.172610404209758,-0.328592513505224,0.303200253580959,0.0741872934165304,""1"""
"-0.240352080765196,-0.423066674765044,0.371378307603714,-0.215180745224924,0.129294463028345,""1"""
"0.364813247085062,-0.0660581057677695,-0.229032131581946,-0.236900770954399,-0.345660110426786,""3"""
"-0.519598015951438,0.322905486841567,0.0695161137896387,0.158358392093859,0.339551152770193,""1"""
"-0.741833676917784,0.21675324847575,-0.0161040716768168,-0.236006831214005,0.613438028445293,""1"""
"-0.630811957739032,0.016723231499688,-0.156226872968006,-0.000144585558658242,0.427423496416243,""1"""
"0.200354744975577,-0.332815312356432,-0.538966381826103,0.925048185681197,0.393980891536759,""3"""
"3.09381725076759e-05,-0.266404915805693,0.779473012647532,-0.568368808586546,0.142441898868683,""1"""
"-0.374559951166245,-0.172610404209758,-0.328592513505224,0.303200253580959,0.0741872934165304,""1"""
"-0.402484294082583,-0.086663448820946,-0.177547802616567,0.059206020238403,0.134766262424017,""1"""
"-0.457558028826326,-0.00358119940527135,0.133674555275242,-0.172203031933758,-0.268202852129932,""1"""
"-0.374559951166245,-0.172610404209758,-0.328592513505224,0.303200253580959,0.0741872934165304,""1"""
"-0.374559951166245,-0.172610404209758,-0.328592513505224,0.303200253580959,0.0741872934165304,""1"""
"-0.374559951166245,-0.172610404209758,-0.328592513505224,0.303200253580959,0.0741872934165304,""1"""
"-0.391003527577938,-0.166405803465529,-0.314760401425261,0.190087997677934,-0.100861952055348,""1"""
"-0.713909334001446,0.130806293086938,-0.167148782565474,0.0079874021285517,0.552859059437806,""1"""
"-0.391003527577938,-0.166405803465529,-0.314760401425261,0.190087997677934,-0.100861952055348,""1"""
"-0.391003527577938,-0.166405803465529,-0.314760401425261,0.190087997677934,-0.100861952055348,""1"""
"-0.391003527577938,-0.166405803465529,-0.314760401425261,0.190087997677934,-0.100861952055348,""1"""
"-0.391003527577938,-0.166405803465529,-0.314760401425261,0.190087997677934,-0.100861952055348,""1"""
"-0.391003527577938,-0.166405803465529,-0.314760401425261,0.190087997677934,-0.100861952055348,""1"""
"0.592278104598228,0.434486996787689,0.000315085482055606,-0.36060862773581,-0.20199770499978,""3"""
"-0.391003527577938,-0.166405803465529,-0.314760401425261,0.190087997677934,-0.100861952055348,""1"""
"-0.391003527577938,-0.166405803465529,-0.314760401425261,0.190087997677934,-0.100861952055348,""1"""
"-0.402484294082583,-0.086663448820946,-0.177547802616567,0.059206020238403,0.134766262424017,""1"""
"-0.391003527577938,-0.166405803465529,-0.314760401425261,0.190087997677934,-0.100861952055348,""1"""
"-0.0418138546104277,0.48593015720545,0.0517254368737347,-0.125760044714901,0.268986141437584,""1"""
"-0.0947276765443178,-0.0998702701899994,0.0187446220255674,0.466727864908482,-0.335758924742601,""1"""
"-0.457558028826326,-0.00358119940527135,0.133674555275242,-0.172203031933758,-0.268202852129932,""1"""
"-0.391003527577938,-0.166405803465529,-0.314760401425261,0.190087997677934,-0.100861952055348,""1"""
"-0.402484294082583,-0.086663448820946,-0.177547802616567,0.059206020238403,0.134766262424017,""1"""
"-0.374559951166245,-0.172610404209758,-0.328592513505224,0.303200253580959,0.0741872934165304,""1"""
"0.775523335328438,-0.081118725358868,-0.0539246001890342,-0.177194298714901,-0.393890399456388,""3"""
"-0.374559951166245,-0.172610404209758,-0.328592513505224,0.303200253580959,0.0741872934165304,""1"""
"-0.402484294082583,-0.086663448820946,-0.177547802616567,0.059206020238403,0.134766262424017,""1"""
"-0.4995662516418,0.304758287523369,-0.066586312675059,-0.0193689240862601,0.0413141805391964,""1"""
"-0.402484294082583,-0.086663448820946,-0.177547802616567,0.059206020238403,0.134766262424017,""1"""
"-0.391003527577938,-0.166405803465529,-0.314760401425261,0.190087997677934,-0.100861952055348,""1"""
"-0.374559951166245,-0.172610404209758,-0.328592513505224,0.303200253580959,0.0741872934165304,""1"""
"-0.391003527577938,-0.166405803465529,-0.314760401425261,0.190087997677934,-0.100861952055348,""1"""
"-0.391003527577938,-0.166405803465529,-0.314760401425261,0.190087997677934,-0.100861952055348,""1"""
"-0.391003527577938,-0.166405803465529,-0.314760401425261,0.190087997677934,-0.100861952055348,""1"""
"-0.64600244679098,0.494162789704476,0.0205337599238233,-0.166911713089098,0.309654083465159,""1"""
"-0.376720586206556,-0.00304908264177359,0.0299485114487305,0.176169540520589,-0.110296896950609,""1"""
"0.738931117077228,0.284033930189685,1.54562845233757,-0.328824484695438,0.484110277972514,""2"""
"-0.391003527577938,-0.166405803465529,-0.314760401425261,0.190087997677934,-0.100861952055348,""1"""
"-0.391003527577938,-0.166405803465529,-0.314760401425261,0.190087997677934,-0.100861952055348,""1"""
"-0.0964226690609159,-0.041133065924191,-0.326074882936353,-0.139355436012901,-0.275161732229791,""1"""
"-0.472921756382408,-0.156095617359173,0.00103371816278153,0.339296200655367,0.263305849218545,""1"""
"-0.0331464502538436,0.527402398912905,-0.18000101164098,-0.142220070562951,-0.446935165248317,""1"""
"0.107871552612284,0.645780161732215,-0.341449405088921,-0.356167552332598,-0.125284774011029,""1"""
"-0.495929422463071,0.00388772796549386,-0.361730893694038,0.0725470976847749,-0.307511213843371,""1"""
"-0.372622660954138,0.176463464979309,-0.135910137043435,-0.151456904040013,0.304102810066052,""1"""
"-0.278044518187079,-0.0173619512525244,-0.26220082625466,-0.0287069142876914,-0.0569609674348766,""1"""
"0.220912663424661,-0.797967924464537,0.855985177743659,-0.205830321063669,-0.600412212272074,""3"""
"0.0171210359623877,-0.0347973903298087,-0.143407018365653,0.0662319845224363,0.395518871672402,""1"""
"-0.0414896429038858,0.0447543771475802,-0.263517144781533,-0.209827959421732,-0.0890566025129161,""1"""
"-0.417658228174995,0.200852481920779,0.0423212132603285,0.0415744859128762,-0.232049847741593,""1"""
"-0.468327759521606,-0.236197569603273,-0.229905558519052,0.497420352121685,0.26471918807242,""1"""
"1.43875949412788,0.260721238249818,-0.111711687736405,-0.40197371360214,0.253687495489509,""3"""
"1.39273210744655,-0.20798382027533,0.104654690110286,-0.0550607542451494,0.38436736054392,""3"""
"-0.740503770746139,0.45535818062567,0.180466461452703,0.0460257357447912,0.575045955320681,""1"""
"0.100578012687758,-0.286631778932112,-0.33220933362756,0.412073972739296,0.0550134685722964,""1"""
"-0.0161711541208221,0.248087765352874,-0.753790470386927,-0.30436707857879,-0.199976279516317,""1"""
"-0.391003527577938,-0.166405803465529,-0.314760401425261,0.190087997677934,-0.100861952055348,""1"""
"-0.342756070858133,-0.292379495149321,-0.0674390959006261,0.242689804576397,-0.136053057590118,""1"""
"0.167498042707663,0.296437423156453,-0.034747684226697,-0.264047379846742,0.0855399572299856,""3"""
"-0.46682314569554,-0.249933746245363,0.250783731259218,-0.174005493096489,0.362281753335767,""1"""
"-0.60825425366775,-0.0535007766840671,0.27156014050969,-0.119207881984048,-0.355578580215145,""1"""
"-0.427757942052032,0.335161783471407,-0.0796603974961745,0.0858082508425058,0.345134489795111,""1"""
"-0.553523698675854,-0.108548027555244,-0.413532441605791,0.283406928676142,-0.222641134679806,""1"""
"0.542794303066022,-0.161562162692854,-0.301075966637788,0.0655447073662233,0.605109988873701,""3"""
"-0.107263777863302,0.689896626316926,0.293470311306139,-0.0653147216334085,0.256956449371935,""1"""
"-0.392230581172478,0.584551604930012,-0.105364226112334,-0.45280341102549,-0.135663719830777,""1"""
"0.556037735619686,-0.252159444367335,-0.307250885266976,0.248030138226366,-0.105675181239763,""3"""
"-0.425621365846822,-0.0936364824107858,-0.098749569999919,0.177155917788631,0.211073729412703,""1"""
"-0.376532051372489,-0.0397105434828215,-0.194628468438413,0.0792719638563943,-0.304428510687649,""1"""
"0.639430939797634,-0.0633214406565782,-0.475865298103203,-0.114467427794617,0.195048582291017,""3"""
"0.867799310074504,-0.10058529477932,-0.0267311684190052,0.541275122388865,0.94759587670803,""3"""
"0.411186901702968,-0.0442228339647542,0.304614583472751,0.435642754235848,0.616805509506761,""3"""
"-0.246257296678314,0.368398399720697,0.0976465645381127,-0.176735303590514,0.405846870731475,""1"""
"-0.120291659770963,0.152089881256727,-0.263243292971522,0.373808863970585,0.020691808099729,""1"""
"0.23977703080967,-0.243078876157798,0.629061420121851,0.0868392232947253,0.170118157117828,""3"""
"0.276986646864837,-0.0150003152656573,0.027524333275763,0.536046025802132,0.503861008764555,""3"""
"1.01584878986124,-0.477291405818706,-0.445660601661078,0.0832386238233715,0.189694882547573,""3"""
"0.62446021655581,0.109821002475278,-0.633607501827926,-0.319581646180898,-0.0309802955498141,""3"""
"0.673495172307396,0.265778321072095,-0.0537622144023772,-0.0300393360516931,0.48946858083493,""3"""
"-0.412567453000085,-0.142277774733382,-0.256421030388003,0.252575378372946,0.462903902746196,""1"""
"0.00718952083696371,-0.130498660915716,-0.0779955501528696,-0.0946887100886973,-0.181581773980524,""1"""
"-0.664545417854606,0.0914819894208175,-0.273409640314603,0.0475446830207949,-0.0366266026507553,""1"""
"0.506286576957588,-0.475592457994382,-0.262219224672788,1.07004508217842,0.787564516530646,""3"""
"-0.617362787717224,0.309524173802372,0.0526668167044715,-0.0854733251562916,0.416252184669698,""1"""
"0.0396886141988151,-0.0144405409458107,-0.137816145053683,0.250597430819679,-0.0422284056385067,""1"""
"1.03845444218342,1.41731887842323,1.41576184876498,-0.0103916589331816,0.875247351629645,""2"""
"-0.040259953353196,0.183076764193149,-0.321034072615626,0.263121985716832,-0.422309094361924,""1"""
"-0.391003527577938,-0.166405803465529,-0.314760401425261,0.190087997677934,-0.100861952055348,""1"""
"-0.0136589593496055,-0.336091151333064,-0.0238138299652619,0.677171961878408,0.527128331304717,""1"""
"-0.157141508939997,1.00306748749463,0.196345118854154,0.538049090843757,-0.912012633540787,""2"""
"-0.157141508939997,1.00306748749463,0.196345118854154,0.538049090843757,-0.912012633540787,""2"""
"-0.426520144624124,0.284596141575611,-0.0577207474178026,-0.15138538364309,-0.252018400607331,""1"""
"-0.182805592882423,0.531841265790491,-0.0791019749667038,-0.471352732115953,-0.1355303079019,""1"""
"0.717280296544642,-0.0294379093735608,-0.144993602796895,-0.216668706076816,-0.104211288639382,""3"""
"-0.0896505827492404,-0.470427876182235,0.606706397243759,-0.120393742673626,0.188397594900005,""1"""
"-0.533178177108016,-0.00623755954173845,-0.101046799720057,0.355045066667246,0.403947926605522,""1"""
"-0.383208809782723,0.233675176272594,-0.350628112380041,-0.348326757477111,-0.327453534875635,""1"""
"0.505456067684638,0.689577093316418,0.0942044244793231,-0.493021855894385,-0.213576177111853,""3"""
"0.902142340194802,-0.257858796176954,0.304151724799444,0.389746713070732,0.528285177817789,""3"""
"-0.457558028826326,-0.00358119940527135,0.133674555275242,-0.172203031933758,-0.268202852129932,""1"""
"-0.391003527577938,-0.166405803465529,-0.314760401425261,0.190087997677934,-0.100861952055348,""1"""
"0.0402028548086389,-0.251962227203604,-0.220839684011889,0.19342275116629,0.0680006199822785,""1"""
"-0.717038518994291,-0.255662106586628,0.0867839291645779,0.107648024007186,-0.0807517634643618,""1"""
"0.293537632804263,0.0614564919956903,0.274035515497008,1.09791295517708,-0.369916278884066,""2"""
"0.590815889202903,-1.14231185752801,1.22096308221762,-0.436778885624185,-0.218525668600801,""3"""
"0.590815889202903,-1.14231185752801,1.22096308221762,-0.436778885624185,-0.218525668600801,""3"""
"-0.187436157446006,0.421414419560328,-0.26251300233387,-0.360935904355007,-0.488100256906254,""1"""
"0.592293177520325,-1.0142014184202,0.975710912866506,-0.225660196138579,-0.0584726079089171,""3"""
"0.430168579765856,-0.899031944332288,0.849665373558176,-0.369251157914852,-0.110838139643636,""3"""
"0.430168579765856,-0.899031944332288,0.849665373558176,-0.369251157914852,-0.110838139643636,""3"""
"0.592293177520325,-1.0142014184202,0.975710912866506,-0.225660196138579,-0.0584726079089171,""3"""
"0.430168579765856,-0.899031944332288,0.849665373558176,-0.369251157914852,-0.110838139643636,""3"""
"-0.0474674116581572,0.148346551459581,-0.124589143677262,-0.493053954853888,0.199095251952516,""1"""
"0.430168579765856,-0.899031944332288,0.849665373558176,-0.369251157914852,-0.110838139643636,""3"""
"0.430168579765856,-0.899031944332288,0.849665373558176,-0.369251157914852,-0.110838139643636,""3"""
"0.592293177520325,-1.0142014184202,0.975710912866506,-0.225660196138579,-0.0584726079089171,""3"""
"-0.0745632504971157,-0.396234824954847,0.522283537242841,-0.261690756412848,-0.143953436207913,""1"""
"0.592293177520325,-1.0142014184202,0.975710912866506,-0.225660196138579,-0.0584726079089171,""3"""
"0.592293177520325,-1.0142014184202,0.975710912866506,-0.225660196138579,-0.0584726079089171,""3"""
"0.592293177520325,-1.0142014184202,0.975710912866506,-0.225660196138579,-0.0584726079089171,""3"""
"0.592293177520325,-1.0142014184202,0.975710912866506,-0.225660196138579,-0.0584726079089171,""3"""
"0.430168579765856,-0.899031944332288,0.849665373558176,-0.369251157914852,-0.110838139643636,""3"""
"0.428691291448433,-1.02714238344011,1.09491754290929,-0.580369847400458,-0.27089120033552,""3"""
"0.428691291448433,-1.02714238344011,1.09491754290929,-0.580369847400458,-0.27089120033552,""3"""
"0.430168579765856,-0.899031944332288,0.849665373558176,-0.369251157914852,-0.110838139643636,""3"""
"-0.352516945565418,-0.17445109779062,0.281887713353273,0.164463732908576,0.180973754974359,""1"""
"-0.172282202321717,0.0639713687795166,0.271748520254487,-0.178318470843632,0.672807984174707,""1"""
"-0.352061519386985,0.332693856187305,-0.515451787344092,0.0772573484156098,-0.431097458303576,""1"""
"1.03599544706853,1.14618480441039,1.30771056130597,-0.0367969828243337,0.919085751064151,""2"""
"-0.631578661114369,-0.479014581585515,0.414026157820823,-0.448677587436059,-0.218343900142679,""1"""
"-0.381994211531182,-0.0380170852216482,0.612208046798882,-0.222227325899638,0.0849468242573601,""1"""
"-0.322513318301464,0.140432703581288,0.186433815228516,0.0857624253063518,0.0964093132035662,""1"""
"-0.127853597911643,-0.379767715216781,0.745780076533811,-0.174538228192932,-0.372039575530319,""1"""
"-0.246937232990683,-0.404238155072386,0.143344159096913,0.464352983999333,0.225398189602842,""1"""
"0.757286517241807,0.500262492281214,1.01743682769584,1.78003947115385,-0.381047912826757,""2"""
"0.391755959936112,-0.492758951496957,0.399879013287563,-0.232528379652679,-0.0391372381048391,""3"""
"-0.138936250437221,0.189621643587723,0.174947133229299,0.0234011288199788,0.0453807458938086,""1"""
"-0.0572717048712335,-0.324379224037453,-0.0859347309838168,0.437129555762416,0.267001865651521,""1"""
"0.168596859830515,-0.383294163921202,-0.0735045919181507,0.531692490574978,0.442184523052276,""3"""
